-- MySQL dump 10.13  Distrib 8.0.28, for Win64 (x86_64)
--
-- Host: 127.0.0.1    Database: elec2020
-- ------------------------------------------------------
-- Server version	5.7.8-rc-log

/*!40101 SET @OLD_CHARACTER_SET_CLIENT=@@CHARACTER_SET_CLIENT */;
/*!40101 SET @OLD_CHARACTER_SET_RESULTS=@@CHARACTER_SET_RESULTS */;
/*!40101 SET @OLD_COLLATION_CONNECTION=@@COLLATION_CONNECTION */;
/*!50503 SET NAMES utf8 */;
/*!40103 SET @OLD_TIME_ZONE=@@TIME_ZONE */;
/*!40103 SET TIME_ZONE='+00:00' */;
/*!40014 SET @OLD_UNIQUE_CHECKS=@@UNIQUE_CHECKS, UNIQUE_CHECKS=0 */;
/*!40014 SET @OLD_FOREIGN_KEY_CHECKS=@@FOREIGN_KEY_CHECKS, FOREIGN_KEY_CHECKS=0 */;
/*!40101 SET @OLD_SQL_MODE=@@SQL_MODE, SQL_MODE='NO_AUTO_VALUE_ON_ZERO' */;
/*!40111 SET @OLD_SQL_NOTES=@@SQL_NOTES, SQL_NOTES=0 */;

--
-- Table structure for table `acceso_opcion`
--

DROP TABLE IF EXISTS `acceso_opcion`;
/*!40101 SET @saved_cs_client     = @@character_set_client */;
/*!50503 SET character_set_client = utf8mb4 */;
CREATE TABLE `acceso_opcion` (
  `idacceso_opcion` int(11) NOT NULL AUTO_INCREMENT,
  `acceso_opcion_nombre` varchar(200) COLLATE utf8_unicode_ci DEFAULT NULL,
  PRIMARY KEY (`idacceso_opcion`)
) ENGINE=InnoDB AUTO_INCREMENT=17 DEFAULT CHARSET=utf8 COLLATE=utf8_unicode_ci;
/*!40101 SET character_set_client = @saved_cs_client */;

--
-- Dumping data for table `acceso_opcion`
--

LOCK TABLES `acceso_opcion` WRITE;
/*!40000 ALTER TABLE `acceso_opcion` DISABLE KEYS */;
INSERT INTO `acceso_opcion` VALUES (1,'LOGIN'),(2,'DIGITAR ACTAS POR DIGNIDAD'),(3,'RESPONSABLES DE JUNTAS'),(4,'LISTAT TODAS LAS JUNTAS'),(5,'CAMBIAR CONTRASEÑA'),(6,'AVANCE DE ESCRUTINIO'),(7,'ASIGNACIÓN DE RESPONSABLES DE JUNTAS'),(8,'RESULTADOS'),(9,'LISTAR ACTAS CON NOVEDADES'),(10,'LISTAR ACTAS INGRESADAS'),(11,'COORDINADORES DE RECINTOS'),(12,'LISTAR USUARIOS'),(13,'IMÁGENES DE ACTAS'),(14,'LISTAR ACCESOS DE UN USUARIO'),(15,'LISTAR TODOS LOS ACCESOS DE USUARIOS'),(16,'RESULTADOS WEBSTER');
/*!40000 ALTER TABLE `acceso_opcion` ENABLE KEYS */;
UNLOCK TABLES;

--
-- Table structure for table `accesos`
--

DROP TABLE IF EXISTS `accesos`;
/*!40101 SET @saved_cs_client     = @@character_set_client */;
/*!50503 SET character_set_client = utf8mb4 */;
CREATE TABLE `accesos` (
  `idaccesos` int(11) NOT NULL AUTO_INCREMENT,
  `usuario_id` int(11) DEFAULT NULL,
  `acceso_opcion_id` int(11) DEFAULT NULL,
  `acceso_fecha` datetime DEFAULT NULL,
  PRIMARY KEY (`idaccesos`),
  KEY `fk_usuario_acceso_usu_idx` (`usuario_id`),
  KEY `fk_acceso_opcion_id_idx` (`acceso_opcion_id`),
  CONSTRAINT `fk_acceso_opcion_id` FOREIGN KEY (`acceso_opcion_id`) REFERENCES `acceso_opcion` (`idacceso_opcion`) ON DELETE NO ACTION ON UPDATE NO ACTION,
  CONSTRAINT `fk_usuario_acceso_usu` FOREIGN KEY (`usuario_id`) REFERENCES `usuario` (`idusuario`) ON DELETE NO ACTION ON UPDATE NO ACTION
) ENGINE=InnoDB AUTO_INCREMENT=490 DEFAULT CHARSET=utf8 COLLATE=utf8_unicode_ci;
/*!40101 SET character_set_client = @saved_cs_client */;

--
-- Dumping data for table `accesos`
--

LOCK TABLES `accesos` WRITE;
/*!40000 ALTER TABLE `accesos` DISABLE KEYS */;
INSERT INTO `accesos` VALUES (1,1,1,'2021-01-04 11:25:34'),(2,1,2,'2021-01-04 11:25:46'),(3,1,2,'2021-01-04 11:44:58'),(4,1,2,'2021-01-04 11:45:19'),(5,1,2,'2021-01-04 11:47:33'),(6,1,1,'2021-01-05 12:49:37'),(7,1,2,'2021-01-05 12:50:47'),(8,1,2,'2021-01-05 12:54:12'),(9,1,1,'2021-01-05 12:54:49'),(10,1,2,'2021-01-05 12:54:50'),(11,1,2,'2021-01-05 12:55:07'),(12,1,12,'2021-01-05 12:56:03'),(13,1,12,'2021-01-05 12:57:47'),(14,1,15,'2021-01-05 12:57:50'),(15,1,2,'2021-01-05 12:58:27'),(16,1,2,'2021-01-05 13:00:16'),(17,1,2,'2021-01-05 13:00:27'),(18,1,2,'2021-01-05 13:02:01'),(19,1,2,'2021-01-05 13:02:21'),(20,1,8,'2021-01-05 13:06:27'),(21,1,6,'2021-01-05 13:07:34'),(22,1,7,'2021-01-05 13:08:09'),(23,1,3,'2021-01-05 13:08:26'),(24,1,3,'2021-01-05 13:08:34'),(25,1,3,'2021-01-05 13:08:49'),(26,1,4,'2021-01-05 13:09:07'),(27,1,5,'2021-01-05 13:10:04'),(28,1,6,'2021-01-05 13:10:11'),(29,1,7,'2021-01-05 13:10:15'),(30,1,8,'2021-01-05 13:10:38'),(31,1,8,'2021-01-05 13:11:29'),(32,1,8,'2021-01-05 13:11:38'),(33,1,8,'2021-01-05 13:11:46'),(34,1,9,'2021-01-05 13:12:46'),(35,1,10,'2021-01-05 13:13:05'),(36,1,11,'2021-01-05 13:13:20'),(37,1,12,'2021-01-05 13:13:50'),(38,1,2,'2021-01-05 13:15:01'),(39,1,2,'2021-01-05 13:15:21'),(40,1,2,'2021-01-06 09:36:32'),(41,1,2,'2021-01-06 09:36:48'),(42,1,2,'2021-01-06 10:53:32'),(43,1,1,'2021-01-06 10:54:15'),(44,1,2,'2021-01-06 10:54:23'),(45,1,1,'2021-01-06 10:56:03'),(46,1,2,'2021-01-06 10:56:08'),(47,1,2,'2021-01-06 10:56:48'),(48,1,2,'2021-01-06 10:57:39'),(49,1,2,'2021-01-06 10:57:53'),(50,1,2,'2021-01-06 10:58:12'),(51,1,2,'2021-01-06 11:06:03'),(52,1,2,'2021-01-06 11:06:31'),(53,1,2,'2021-01-06 11:06:39'),(54,1,2,'2021-01-06 11:06:51'),(55,1,2,'2021-01-06 11:07:00'),(56,1,2,'2021-01-06 11:07:59'),(57,1,1,'2021-01-06 11:15:05'),(58,1,1,'2021-01-06 11:19:56'),(59,1,2,'2021-01-06 11:19:58'),(60,1,2,'2021-01-06 11:20:32'),(61,1,2,'2021-01-06 11:21:00'),(62,1,2,'2021-01-06 11:21:46'),(63,1,2,'2021-01-06 11:32:06'),(64,1,8,'2021-01-06 11:32:13'),(65,1,8,'2021-01-06 11:32:19'),(66,1,8,'2021-01-06 11:32:42'),(67,1,8,'2021-01-06 11:33:51'),(68,1,8,'2021-01-06 11:43:01'),(69,1,8,'2021-01-06 11:43:09'),(70,1,1,'2021-01-06 13:54:02'),(71,1,8,'2021-01-06 13:54:08'),(72,1,8,'2021-01-06 13:54:13'),(73,1,8,'2021-01-06 13:54:23'),(74,1,1,'2021-01-06 13:55:16'),(75,1,8,'2021-01-06 13:55:22'),(76,1,8,'2021-01-06 13:55:30'),(77,1,8,'2021-01-06 13:55:44'),(78,1,2,'2021-01-06 13:56:43'),(79,1,2,'2021-01-06 13:56:56'),(80,1,2,'2021-01-06 13:57:10'),(81,1,2,'2021-01-06 13:57:29'),(82,1,9,'2021-01-06 13:59:09'),(83,1,1,'2021-01-06 14:02:39'),(84,1,8,'2021-01-06 14:02:48'),(85,1,8,'2021-01-06 14:03:18'),(86,1,8,'2021-01-06 14:03:26'),(87,1,8,'2021-01-06 14:05:15'),(88,1,8,'2021-01-06 14:06:16'),(89,1,8,'2021-01-06 14:06:38'),(90,1,8,'2021-01-06 14:07:57'),(91,1,8,'2021-01-06 14:09:28'),(92,1,8,'2021-01-06 14:09:43'),(93,1,12,'2021-01-06 14:10:16'),(94,1,12,'2021-01-06 14:10:18'),(95,1,1,'2021-01-06 18:54:15'),(96,1,3,'2021-01-06 18:56:16'),(97,1,3,'2021-01-06 18:56:33'),(98,1,7,'2021-01-06 18:57:54'),(99,1,3,'2021-01-06 18:59:10'),(100,1,4,'2021-01-06 18:59:13'),(101,1,2,'2021-01-06 19:00:58'),(102,1,2,'2021-01-06 19:02:10'),(103,1,2,'2021-01-06 19:09:04'),(104,1,2,'2021-01-06 19:12:42'),(105,1,2,'2021-01-06 19:14:30'),(106,1,2,'2021-01-06 19:14:57'),(107,1,2,'2021-01-06 19:15:04'),(108,1,2,'2021-01-06 19:15:22'),(109,1,8,'2021-01-06 19:28:10'),(110,1,8,'2021-01-06 19:29:11'),(111,1,8,'2021-01-06 19:29:33'),(112,1,8,'2021-01-06 19:30:13'),(113,1,8,'2021-01-06 19:30:29'),(114,1,2,'2021-01-06 19:30:32'),(115,1,6,'2021-01-06 19:30:34'),(116,1,8,'2021-01-06 19:30:39'),(117,1,8,'2021-01-06 19:30:44'),(118,1,8,'2021-01-06 19:31:35'),(119,1,8,'2021-01-06 19:32:03'),(120,1,6,'2021-01-06 19:32:35'),(121,1,8,'2021-01-06 19:33:45'),(122,1,2,'2021-01-06 19:39:00'),(123,1,5,'2021-01-06 19:39:11'),(124,1,15,'2021-01-06 19:39:22'),(125,1,12,'2021-01-06 19:39:50'),(126,1,12,'2021-01-06 19:40:53'),(127,1,2,'2021-01-07 08:02:01'),(128,1,1,'2021-01-07 10:02:19'),(129,1,16,'2021-01-07 10:02:22'),(130,1,16,'2021-01-07 10:02:57'),(131,1,16,'2021-01-07 10:08:22'),(132,1,16,'2021-01-07 10:08:41'),(133,1,16,'2021-01-07 10:09:14'),(134,1,1,'2021-01-07 10:14:41'),(135,1,16,'2021-01-07 10:14:44'),(136,1,1,'2021-01-07 10:26:48'),(137,1,11,'2021-01-07 10:26:50'),(138,1,16,'2021-01-07 10:26:53'),(139,1,1,'2021-01-07 10:28:15'),(140,1,1,'2021-01-07 10:28:15'),(141,1,16,'2021-01-07 10:28:17'),(142,1,16,'2021-01-07 10:32:40'),(143,1,8,'2021-01-07 10:32:49'),(144,1,8,'2021-01-07 10:32:54'),(145,1,8,'2021-01-07 10:32:57'),(146,1,16,'2021-01-07 10:33:09'),(147,1,15,'2021-01-07 10:34:08'),(148,1,11,'2021-01-07 10:34:19'),(149,1,16,'2021-01-07 10:34:22'),(150,1,16,'2021-01-07 10:38:33'),(151,1,16,'2021-01-07 10:41:56'),(152,1,16,'2021-01-07 10:42:10'),(153,1,16,'2021-01-07 10:43:06'),(154,1,16,'2021-01-07 10:43:14'),(155,1,16,'2021-01-07 10:43:45'),(156,1,2,'2021-01-07 10:44:53'),(157,1,16,'2021-01-07 10:44:59'),(158,1,8,'2021-01-07 10:45:39'),(159,1,8,'2021-01-07 10:45:53'),(160,1,8,'2021-01-07 10:46:02'),(161,1,8,'2021-01-07 10:46:13'),(162,1,8,'2021-01-07 10:46:25'),(163,1,8,'2021-01-07 10:46:35'),(164,1,16,'2021-01-07 10:46:44'),(165,1,10,'2021-01-07 10:48:12'),(166,1,16,'2021-01-07 10:48:29'),(167,1,8,'2021-01-07 10:51:25'),(168,1,8,'2021-01-07 10:51:32'),(169,1,8,'2021-01-07 10:51:43'),(170,1,2,'2021-01-07 10:52:06'),(171,1,3,'2021-01-07 10:52:11'),(172,1,2,'2021-01-07 10:53:03'),(173,1,8,'2021-01-07 10:55:00'),(174,1,16,'2021-01-07 11:06:11'),(175,1,16,'2021-01-07 11:08:48'),(176,1,16,'2021-01-07 11:09:26'),(177,1,8,'2021-01-07 11:11:17'),(178,1,16,'2021-01-07 11:11:21'),(179,1,16,'2021-01-07 11:13:44'),(180,1,16,'2021-01-07 11:13:56'),(181,1,8,'2021-01-07 11:14:04'),(182,1,16,'2021-01-07 11:14:25'),(183,1,16,'2021-01-07 11:20:16'),(184,1,16,'2021-01-07 11:23:07'),(185,1,16,'2021-01-07 11:24:40'),(186,1,16,'2021-01-07 11:25:45'),(187,1,16,'2021-01-07 11:26:00'),(188,1,16,'2021-01-07 11:28:07'),(189,1,16,'2021-01-07 11:28:42'),(190,1,16,'2021-01-07 11:29:08'),(191,1,16,'2021-01-07 11:36:08'),(192,1,16,'2021-01-07 11:36:41'),(193,1,16,'2021-01-07 11:37:17'),(194,1,16,'2021-01-07 11:38:08'),(195,1,16,'2021-01-07 11:38:33'),(196,1,16,'2021-01-07 11:39:22'),(197,1,16,'2021-01-07 11:40:40'),(198,1,8,'2021-01-07 11:42:44'),(199,1,8,'2021-01-07 11:43:03'),(200,1,6,'2021-01-07 11:43:09'),(201,1,7,'2021-01-07 11:43:22'),(202,1,16,'2021-01-07 11:43:31'),(203,1,16,'2021-01-07 11:46:46'),(204,1,16,'2021-01-07 11:47:01'),(205,1,16,'2021-01-07 11:47:45'),(206,1,16,'2021-01-07 11:48:16'),(207,1,16,'2021-01-07 11:49:07'),(208,1,16,'2021-01-07 11:52:01'),(209,1,16,'2021-01-07 11:52:56'),(210,1,16,'2021-01-07 11:53:19'),(211,1,16,'2021-01-07 11:54:10'),(212,1,16,'2021-01-07 11:54:52'),(213,1,16,'2021-01-07 11:55:22'),(214,1,16,'2021-01-07 11:56:07'),(215,1,8,'2021-01-07 11:57:54'),(216,1,16,'2021-01-07 11:58:45'),(217,1,16,'2021-01-07 11:59:42'),(218,1,2,'2021-01-07 12:00:06'),(219,1,2,'2021-01-07 12:00:24'),(220,1,16,'2021-01-07 12:01:14'),(221,1,1,'2021-01-07 14:18:34'),(222,1,2,'2021-01-07 14:18:37'),(223,1,16,'2021-01-07 14:20:44'),(224,1,16,'2021-01-07 14:36:48'),(225,1,6,'2021-01-07 15:46:33'),(226,1,1,'2021-01-07 17:32:21'),(227,1,2,'2021-01-07 17:33:27'),(228,1,2,'2021-01-07 17:34:12'),(229,1,2,'2021-01-07 17:34:23'),(230,1,3,'2021-01-07 17:35:24'),(231,1,3,'2021-01-07 17:35:39'),(232,1,7,'2021-01-07 17:36:06'),(233,1,1,'2021-01-07 19:07:21'),(234,1,8,'2021-01-07 19:07:33'),(235,1,8,'2021-01-07 19:07:59'),(236,1,2,'2021-01-07 19:09:10'),(237,1,3,'2021-01-07 19:12:17'),(238,1,7,'2021-01-07 19:12:26'),(239,1,6,'2021-01-07 19:13:37'),(240,1,3,'2021-01-07 19:14:59'),(241,1,10,'2021-01-07 19:15:05'),(242,1,2,'2021-01-07 19:15:42'),(243,1,2,'2021-01-07 19:16:01'),(244,1,2,'2021-01-07 19:16:18'),(245,1,2,'2021-01-07 19:16:46'),(246,1,9,'2021-01-07 19:18:20'),(247,1,6,'2021-01-07 19:18:42'),(248,1,8,'2021-01-07 19:19:19'),(249,1,16,'2021-01-07 19:19:30'),(250,1,12,'2021-01-07 19:21:19'),(251,1,16,'2021-01-07 19:21:28'),(252,1,12,'2021-01-07 19:23:24'),(253,1,6,'2021-01-07 19:23:30'),(254,1,8,'2021-01-07 19:25:07'),(255,1,8,'2021-01-07 19:25:20'),(256,1,6,'2021-01-07 19:26:55'),(257,1,7,'2021-01-07 19:29:25'),(258,1,12,'2021-01-07 19:33:23'),(259,1,8,'2021-01-07 19:35:47'),(260,1,1,'2022-02-09 10:39:52'),(261,1,12,'2022-02-09 10:40:25'),(262,1,6,'2022-02-09 10:40:31'),(263,1,8,'2022-02-09 10:41:10'),(264,1,8,'2022-02-09 10:42:17'),(265,1,2,'2022-02-09 10:43:26'),(266,1,2,'2022-02-09 10:43:51'),(267,1,5,'2022-02-09 10:46:06'),(268,1,6,'2022-02-09 10:46:09'),(269,1,12,'2022-02-09 10:46:16'),(270,1,15,'2022-02-09 10:46:19'),(271,1,12,'2022-02-09 10:46:40'),(272,1,3,'2022-02-09 10:47:29'),(273,1,3,'2022-02-09 10:47:59'),(274,1,3,'2022-02-09 10:48:37'),(275,1,4,'2022-02-09 10:48:57'),(276,1,4,'2022-02-09 10:49:52'),(277,1,2,'2022-02-09 10:51:45'),(278,1,11,'2022-02-09 10:52:02'),(279,1,2,'2022-02-09 10:52:11'),(280,1,7,'2022-02-09 10:52:20'),(281,1,15,'2022-02-09 10:52:40'),(282,1,2,'2022-02-09 10:52:47'),(283,1,11,'2022-02-09 10:53:50'),(284,1,1,'2022-02-14 16:40:53'),(285,1,4,'2022-02-14 16:42:00'),(286,1,6,'2022-02-14 16:42:20'),(287,1,12,'2022-02-14 16:42:27'),(288,1,15,'2022-02-14 16:42:30'),(289,1,4,'2022-02-14 16:42:38'),(290,1,15,'2022-02-14 16:43:12'),(291,1,4,'2022-02-14 16:43:21'),(292,1,1,'2022-02-21 15:36:09'),(293,1,4,'2022-02-21 15:36:18'),(294,1,3,'2022-02-21 15:36:32'),(295,1,4,'2022-02-21 15:36:50'),(296,1,3,'2022-02-21 15:37:17'),(297,1,3,'2022-02-21 15:37:33'),(298,1,3,'2022-02-21 15:38:26'),(299,1,3,'2022-02-21 15:38:28'),(300,1,3,'2022-02-21 15:38:43'),(301,1,7,'2022-02-21 15:39:09'),(302,1,2,'2022-02-21 15:39:23'),(303,1,7,'2022-02-21 15:39:32'),(304,1,15,'2022-02-21 15:39:41'),(305,1,12,'2022-02-21 15:39:44'),(306,1,16,'2022-02-21 15:39:55'),(307,1,8,'2022-02-21 15:40:18'),(308,1,11,'2022-02-21 15:40:38'),(309,1,3,'2022-02-21 15:41:47'),(310,1,4,'2022-02-21 15:42:14'),(311,1,4,'2022-02-21 15:42:25'),(312,1,6,'2022-02-21 15:42:35'),(313,1,7,'2022-02-21 15:42:38'),(314,1,3,'2022-02-21 15:44:16'),(315,1,3,'2022-02-21 15:45:16'),(316,1,3,'2022-02-21 15:45:35'),(317,1,4,'2022-02-21 15:45:53'),(318,1,11,'2022-02-21 15:46:32'),(319,1,1,'2022-02-21 15:47:04'),(320,1,4,'2022-02-21 15:47:07'),(321,1,3,'2022-02-21 15:49:24'),(322,1,3,'2022-02-21 15:49:39'),(323,1,11,'2022-02-21 15:50:10'),(324,1,4,'2022-02-21 15:51:23'),(325,1,12,'2022-02-21 15:51:59'),(326,1,15,'2022-02-21 15:52:14'),(327,1,11,'2022-02-21 15:52:34'),(328,1,10,'2022-02-21 15:52:53'),(329,1,1,'2022-03-04 14:28:21'),(330,1,12,'2022-03-04 14:29:24'),(331,1,15,'2022-03-04 14:29:26'),(332,1,4,'2022-03-04 14:29:40'),(333,1,2,'2022-03-04 14:29:43'),(334,1,2,'2022-03-04 14:29:49'),(335,1,15,'2022-03-04 14:29:56'),(336,1,8,'2022-03-04 14:30:00'),(337,1,2,'2022-03-04 14:30:10'),(338,1,2,'2022-03-04 14:30:11'),(339,1,2,'2022-03-04 14:30:30'),(340,1,2,'2022-03-04 14:31:27'),(341,1,3,'2022-03-04 14:32:18'),(342,1,2,'2022-03-04 14:32:43'),(343,1,2,'2022-03-04 14:32:58'),(344,1,2,'2022-03-04 14:33:09'),(345,1,4,'2022-03-04 14:33:40'),(346,1,2,'2022-03-04 14:34:39'),(347,1,2,'2022-03-04 14:34:50'),(348,1,2,'2022-03-04 14:36:21'),(349,1,2,'2022-03-04 14:36:34'),(350,1,8,'2022-03-04 14:37:07'),(351,1,4,'2022-03-04 14:37:35'),(352,1,16,'2022-03-04 14:37:53'),(353,1,11,'2022-03-04 14:38:10'),(354,1,1,'2022-03-04 14:38:30'),(355,1,15,'2022-03-04 14:38:41'),(356,1,12,'2022-03-04 14:38:43'),(357,1,10,'2022-03-04 14:39:10'),(358,1,6,'2022-03-04 14:39:16'),(359,1,2,'2022-03-04 14:39:26'),(360,1,8,'2022-03-04 14:39:36'),(361,1,7,'2022-03-04 14:39:47'),(362,1,6,'2022-03-04 14:39:52'),(363,1,10,'2022-03-04 14:40:07'),(364,1,6,'2022-03-04 14:40:25'),(365,1,7,'2022-03-04 14:40:27'),(366,1,8,'2022-03-04 14:40:30'),(367,1,10,'2022-03-04 14:40:57'),(368,1,9,'2022-03-04 14:41:00'),(369,1,16,'2022-03-04 14:41:02'),(370,1,16,'2022-03-04 14:41:16'),(371,1,8,'2022-03-04 14:41:47'),(372,1,8,'2022-03-04 14:42:01'),(373,1,8,'2022-03-04 14:42:24'),(374,1,8,'2022-03-04 14:42:35'),(375,1,8,'2022-03-04 14:42:50'),(376,1,2,'2022-03-04 14:43:25'),(377,1,2,'2022-03-04 14:43:38'),(378,1,3,'2022-03-04 14:44:08'),(379,1,3,'2022-03-04 14:44:33'),(380,1,3,'2022-03-04 14:44:34'),(381,1,3,'2022-03-04 14:44:35'),(382,1,3,'2022-03-04 14:45:18'),(383,1,3,'2022-03-04 14:45:29'),(384,1,3,'2022-03-04 14:46:12'),(385,1,3,'2022-03-04 14:46:51'),(386,1,3,'2022-03-04 14:46:52'),(387,1,3,'2022-03-04 14:46:53'),(388,1,4,'2022-03-04 14:46:57'),(389,1,11,'2022-03-04 14:48:28'),(390,1,11,'2022-03-04 14:48:58'),(391,1,11,'2022-03-04 14:49:15'),(392,1,4,'2022-03-04 14:49:42'),(393,1,5,'2022-03-04 14:50:37'),(394,1,6,'2022-03-04 14:50:42'),(395,1,7,'2022-03-04 14:51:51'),(396,1,8,'2022-03-04 14:54:00'),(397,1,7,'2022-03-04 14:54:03'),(398,1,8,'2022-03-04 14:55:02'),(399,1,8,'2022-03-04 15:19:08'),(400,1,8,'2022-03-04 15:19:19'),(401,1,8,'2022-03-04 15:19:48'),(402,1,16,'2022-03-04 15:21:16'),(403,1,2,'2022-03-04 15:38:33'),(404,1,16,'2022-03-04 15:38:42'),(405,1,2,'2022-03-04 15:39:09'),(406,1,16,'2022-03-04 15:39:58'),(407,1,8,'2022-03-04 15:40:27'),(408,1,8,'2022-03-04 15:40:35'),(409,1,16,'2022-03-04 15:41:54'),(410,1,10,'2022-03-04 15:49:27'),(411,1,9,'2022-03-04 15:49:29'),(412,1,7,'2022-03-04 15:49:47'),(413,1,12,'2022-03-04 16:01:18'),(414,1,12,'2022-03-04 16:01:20'),(415,1,15,'2022-03-04 16:01:23'),(416,1,15,'2022-03-04 16:01:30'),(417,1,2,'2022-03-04 16:01:52'),(418,1,2,'2022-03-04 16:01:55'),(419,1,1,'2022-04-11 00:52:21'),(420,1,4,'2022-04-11 01:22:28'),(421,1,4,'2022-04-11 01:22:57'),(422,1,4,'2022-04-11 01:28:29'),(423,1,3,'2022-04-11 01:29:50'),(424,1,3,'2022-04-11 01:30:36'),(425,1,3,'2022-04-11 01:30:58'),(426,1,4,'2022-04-11 01:31:49'),(427,1,4,'2022-04-11 01:34:39'),(428,1,3,'2022-04-11 01:35:46'),(429,1,3,'2022-04-11 01:36:56'),(430,1,3,'2022-04-11 01:38:23'),(431,1,3,'2022-04-11 01:38:58'),(432,1,4,'2022-04-11 01:39:13'),(433,1,2,'2022-04-11 01:39:29'),(434,1,7,'2022-04-11 01:39:39'),(435,1,11,'2022-04-11 01:39:43'),(436,1,11,'2022-04-11 01:39:47'),(437,1,7,'2022-04-11 01:40:25'),(438,1,11,'2022-04-11 01:40:51'),(439,1,6,'2022-04-11 01:40:57'),(440,1,8,'2022-04-11 01:41:15'),(441,1,11,'2022-04-11 01:41:37'),(442,1,15,'2022-04-11 01:42:28'),(443,1,12,'2022-04-11 01:42:44'),(444,1,15,'2022-04-11 01:42:47'),(445,1,5,'2022-04-11 01:42:56'),(446,1,1,'2022-05-18 14:58:03'),(447,1,2,'2022-05-18 14:58:20'),(448,1,2,'2022-05-18 15:04:15'),(449,1,2,'2022-05-18 15:05:11'),(450,1,2,'2022-05-18 15:35:49'),(451,1,1,'2022-05-26 16:05:51'),(452,1,1,'2022-05-31 14:38:53'),(453,1,16,'2022-05-31 14:39:02'),(454,1,16,'2022-05-31 14:39:32'),(455,1,6,'2022-05-31 14:40:09'),(456,1,7,'2022-05-31 14:40:18'),(457,1,8,'2022-05-31 14:40:20'),(458,1,16,'2022-05-31 14:40:27'),(459,1,16,'2022-05-31 14:41:19'),(460,1,2,'2022-05-31 14:49:27'),(461,1,1,'2022-06-30 17:56:53'),(462,1,1,'2022-06-30 17:58:10'),(463,1,1,'2022-06-30 18:00:08'),(464,1,15,'2022-06-30 18:01:42'),(465,1,12,'2022-06-30 18:01:48'),(466,1,6,'2022-06-30 18:02:00'),(467,1,8,'2022-06-30 18:02:24'),(468,1,16,'2022-06-30 18:02:46'),(469,1,8,'2022-06-30 18:03:52'),(470,1,2,'2022-06-30 18:05:41'),(471,1,2,'2022-06-30 18:06:17'),(472,1,16,'2022-06-30 18:08:50'),(473,1,2,'2022-06-30 18:11:47'),(474,1,2,'2022-06-30 18:11:56'),(475,1,2,'2022-06-30 18:12:03'),(476,1,2,'2022-06-30 18:12:13'),(477,1,2,'2022-06-30 18:12:19'),(478,1,2,'2022-06-30 18:12:34'),(479,1,2,'2022-06-30 18:14:52'),(480,1,2,'2022-06-30 18:14:54'),(481,1,6,'2022-06-30 18:15:00'),(482,1,7,'2022-06-30 18:15:18'),(483,1,8,'2022-06-30 18:15:34'),(484,1,8,'2022-06-30 18:15:48'),(485,1,16,'2022-06-30 18:15:51'),(486,1,10,'2022-06-30 18:16:00'),(487,1,9,'2022-06-30 18:16:19'),(488,1,11,'2022-06-30 18:17:20'),(489,1,2,'2022-06-30 18:17:40');
/*!40000 ALTER TABLE `accesos` ENABLE KEYS */;
UNLOCK TABLES;
/*!50003 SET @saved_cs_client      = @@character_set_client */ ;
/*!50003 SET @saved_cs_results     = @@character_set_results */ ;
/*!50003 SET @saved_col_connection = @@collation_connection */ ;
/*!50003 SET character_set_client  = utf8 */ ;
/*!50003 SET character_set_results = utf8 */ ;
/*!50003 SET collation_connection  = utf8_general_ci */ ;
/*!50003 SET @saved_sql_mode       = @@sql_mode */ ;
/*!50003 SET sql_mode              = 'STRICT_TRANS_TABLES,NO_AUTO_CREATE_USER,NO_ENGINE_SUBSTITUTION' */ ;
DELIMITER ;;
/*!50003 CREATE*/ /*!50017 DEFINER=`root`@`localhost`*/ /*!50003 TRIGGER `elec2020`.`accesos_BEFORE_INSERT` BEFORE INSERT ON `accesos` FOR EACH ROW
BEGIN
	set new.acceso_fecha=now();
END */;;
DELIMITER ;
/*!50003 SET sql_mode              = @saved_sql_mode */ ;
/*!50003 SET character_set_client  = @saved_cs_client */ ;
/*!50003 SET character_set_results = @saved_cs_results */ ;
/*!50003 SET collation_connection  = @saved_col_connection */ ;

--
-- Table structure for table `acta`
--

DROP TABLE IF EXISTS `acta`;
/*!40101 SET @saved_cs_client     = @@character_set_client */;
/*!50503 SET character_set_client = utf8mb4 */;
CREATE TABLE `acta` (
  `idacta` int(11) NOT NULL AUTO_INCREMENT,
  `cod_provincia` int(11) DEFAULT NULL,
  `cod_canton` int(11) DEFAULT NULL,
  `cod_parroquia` int(11) DEFAULT NULL,
  `cod_zona` int(11) DEFAULT NULL,
  `fr_id_junta` int(11) DEFAULT NULL,
  `fr_id_dignidad` int(11) DEFAULT NULL,
  `cne_cod_acta` int(11) DEFAULT NULL,
  `num_validos` int(11) DEFAULT NULL,
  `num_no_voto` int(11) DEFAULT NULL,
  `num_blancos` int(11) DEFAULT NULL,
  `num_nulos` int(11) DEFAULT NULL,
  `acta_usu_ing` int(11) DEFAULT NULL,
  `acta_usu_mod` int(11) DEFAULT NULL,
  `acta_fi` datetime DEFAULT NULL,
  `acta_um` datetime DEFAULT NULL,
  `cuadrada` bit(1) DEFAULT NULL,
  `legible` bit(1) DEFAULT NULL,
  `fr_id_acta_estado` int(11) DEFAULT NULL,
  PRIMARY KEY (`idacta`),
  UNIQUE KEY `unica_junta_x_dignidad` (`fr_id_junta`,`fr_id_dignidad`),
  KEY `fk_acta_junta` (`fr_id_junta`),
  CONSTRAINT `fk_acta_junta` FOREIGN KEY (`fr_id_junta`) REFERENCES `junta` (`idjunta`) ON DELETE CASCADE ON UPDATE CASCADE
) ENGINE=InnoDB AUTO_INCREMENT=11 DEFAULT CHARSET=utf8 COLLATE=utf8_unicode_ci;
/*!40101 SET character_set_client = @saved_cs_client */;

--
-- Dumping data for table `acta`
--

LOCK TABLES `acta` WRITE;
/*!40000 ALTER TABLE `acta` DISABLE KEYS */;
INSERT INTO `acta` VALUES (1,8,4,9,10,88,1,0,400,0,23,10,1,NULL,'2021-01-05 13:06:10','2021-01-05 13:06:10',_binary '',_binary '',1),(3,8,4,11,14,279,2,0,220,0,10,10,1,NULL,'2021-01-06 11:22:39','2021-01-06 11:22:39',_binary '',_binary '',1),(4,8,1,64,152,1218,2,0,220,0,10,10,1,NULL,'2021-01-06 13:58:59','2021-01-06 13:58:59',_binary '\0',_binary '',1),(5,8,4,11,14,280,1,0,350,0,10,20,1,NULL,'2021-01-06 19:08:45','2021-01-06 19:08:45',_binary '\0',_binary '',1),(6,8,9,19,34,573,1,0,140,0,10,10,1,NULL,'2021-01-06 19:17:09','2021-01-06 19:17:09',_binary '',_binary '',1),(7,8,6,1,1,1,2,0,300,0,10,10,1,NULL,'2021-01-07 12:01:11','2021-01-07 12:01:11',_binary '\0',_binary '',1),(9,8,4,9,10,90,1,250,250,0,0,10,1,NULL,'2022-03-04 14:35:39','2022-03-04 14:35:39',_binary '\0',_binary '',1),(10,8,1,64,152,1240,1,0,5,0,0,4,1,NULL,'2022-06-30 18:08:16','2022-06-30 18:08:16',_binary '\0',_binary '\0',1);
/*!40000 ALTER TABLE `acta` ENABLE KEYS */;
UNLOCK TABLES;
/*!50003 SET @saved_cs_client      = @@character_set_client */ ;
/*!50003 SET @saved_cs_results     = @@character_set_results */ ;
/*!50003 SET @saved_col_connection = @@collation_connection */ ;
/*!50003 SET character_set_client  = utf8 */ ;
/*!50003 SET character_set_results = utf8 */ ;
/*!50003 SET collation_connection  = utf8_general_ci */ ;
/*!50003 SET @saved_sql_mode       = @@sql_mode */ ;
/*!50003 SET sql_mode              = 'STRICT_TRANS_TABLES,NO_AUTO_CREATE_USER,NO_ENGINE_SUBSTITUTION' */ ;
DELIMITER ;;
/*!50003 CREATE*/ /*!50017 DEFINER=`root`@`%`*/ /*!50003 TRIGGER `elec2020`.`acta_insert`
BEFORE INSERT ON `elec2020`.`acta`
FOR EACH ROW
BEGIN
    SET NEW.acta_fi= NOW();
    SET NEW.acta_um= NOW();
    INSERT INTO acta_historial_usu(acta_historial_usu_id,acta_historial_usu_junta_id,acta_historial_usu_dignidad_id)
    VALUES(new.acta_usu_ing,NEW.fr_id_junta,NEW.fr_id_dignidad);
END */;;
DELIMITER ;
/*!50003 SET sql_mode              = @saved_sql_mode */ ;
/*!50003 SET character_set_client  = @saved_cs_client */ ;
/*!50003 SET character_set_results = @saved_cs_results */ ;
/*!50003 SET collation_connection  = @saved_col_connection */ ;
/*!50003 SET @saved_cs_client      = @@character_set_client */ ;
/*!50003 SET @saved_cs_results     = @@character_set_results */ ;
/*!50003 SET @saved_col_connection = @@collation_connection */ ;
/*!50003 SET character_set_client  = utf8 */ ;
/*!50003 SET character_set_results = utf8 */ ;
/*!50003 SET collation_connection  = utf8_general_ci */ ;
/*!50003 SET @saved_sql_mode       = @@sql_mode */ ;
/*!50003 SET sql_mode              = 'STRICT_TRANS_TABLES,STRICT_ALL_TABLES,TRADITIONAL,NO_AUTO_CREATE_USER,NO_ENGINE_SUBSTITUTION' */ ;
DELIMITER ;;
/*!50003 CREATE*/ /*!50017 DEFINER=`root`@`%`*/ /*!50003 TRIGGER `elec2020`.`acta_update`
BEFORE UPDATE ON `elec2020`.`acta`
FOR EACH ROW
BEGIN
    SET NEW.acta_um= NOW();
END */;;
DELIMITER ;
/*!50003 SET sql_mode              = @saved_sql_mode */ ;
/*!50003 SET character_set_client  = @saved_cs_client */ ;
/*!50003 SET character_set_results = @saved_cs_results */ ;
/*!50003 SET collation_connection  = @saved_col_connection */ ;

--
-- Table structure for table `acta_detalle`
--

DROP TABLE IF EXISTS `acta_detalle`;
/*!40101 SET @saved_cs_client     = @@character_set_client */;
/*!50503 SET character_set_client = utf8mb4 */;
CREATE TABLE `acta_detalle` (
  `idacta_detalle` int(11) NOT NULL AUTO_INCREMENT,
  `fr_id_acta` int(11) DEFAULT NULL,
  `fr_id_candidato` int(11) DEFAULT NULL,
  `num_votos_letras` varchar(200) COLLATE utf8_unicode_ci DEFAULT NULL,
  `num_votos` int(11) DEFAULT NULL,
  `act_det_fi` datetime DEFAULT NULL,
  `act_det_um` datetime DEFAULT NULL,
  `poco_legible` bit(1) DEFAULT NULL,
  PRIMARY KEY (`idacta_detalle`),
  KEY `fk_acta_detalle_1` (`fr_id_acta`),
  CONSTRAINT `fk_acta_detalle_1` FOREIGN KEY (`fr_id_acta`) REFERENCES `acta` (`idacta`) ON DELETE CASCADE ON UPDATE CASCADE
) ENGINE=InnoDB AUTO_INCREMENT=151 DEFAULT CHARSET=utf8 COLLATE=utf8_unicode_ci;
/*!40101 SET character_set_client = @saved_cs_client */;

--
-- Dumping data for table `acta_detalle`
--

LOCK TABLES `acta_detalle` WRITE;
/*!40000 ALTER TABLE `acta_detalle` DISABLE KEYS */;
INSERT INTO `acta_detalle` VALUES (1,1,1,NULL,10,'2021-01-05 13:06:10','2021-01-05 13:06:10',NULL),(2,1,2,NULL,5,'2021-01-05 13:06:10','2021-01-05 13:06:10',NULL),(3,1,3,NULL,2,'2021-01-05 13:06:10','2021-01-05 13:06:10',NULL),(4,1,4,NULL,30,'2021-01-05 13:06:10','2021-01-05 13:06:10',NULL),(5,1,5,NULL,20,'2021-01-05 13:06:10','2021-01-05 13:06:10',NULL),(6,1,6,NULL,20,'2021-01-05 13:06:10','2021-01-05 13:06:10',NULL),(7,1,7,NULL,10,'2021-01-05 13:06:10','2021-01-05 13:06:10',NULL),(8,1,8,NULL,50,'2021-01-05 13:06:10','2021-01-05 13:06:10',NULL),(9,1,9,NULL,30,'2021-01-05 13:06:10','2021-01-05 13:06:10',NULL),(10,1,10,NULL,50,'2021-01-05 13:06:10','2021-01-05 13:06:10',NULL),(11,1,11,NULL,80,'2021-01-05 13:06:10','2021-01-05 13:06:10',NULL),(12,1,12,NULL,20,'2021-01-05 13:06:10','2021-01-05 13:06:10',NULL),(13,1,13,NULL,10,'2021-01-05 13:06:10','2021-01-05 13:06:10',NULL),(14,1,14,NULL,10,'2021-01-05 13:06:10','2021-01-05 13:06:10',NULL),(15,1,15,NULL,10,'2021-01-05 13:06:10','2021-01-05 13:06:10',NULL),(16,1,16,NULL,10,'2021-01-05 13:06:10','2021-01-05 13:06:10',NULL),(17,3,17,NULL,10,'2021-01-06 11:22:39','2021-01-06 11:22:39',NULL),(18,3,18,NULL,50,'2021-01-06 11:22:39','2021-01-06 11:22:39',NULL),(19,3,19,NULL,10,'2021-01-06 11:22:39','2021-01-06 11:22:39',NULL),(20,3,20,NULL,10,'2021-01-06 11:22:39','2021-01-06 11:22:39',NULL),(21,3,21,NULL,10,'2021-01-06 11:22:39','2021-01-06 11:22:39',NULL),(22,3,22,NULL,10,'2021-01-06 11:22:39','2021-01-06 11:22:39',NULL),(23,3,23,NULL,70,'2021-01-06 11:22:39','2021-01-06 11:22:39',NULL),(24,3,24,NULL,10,'2021-01-06 11:22:39','2021-01-06 11:22:39',NULL),(25,3,25,NULL,10,'2021-01-06 11:22:39','2021-01-06 11:22:39',NULL),(26,3,26,NULL,10,'2021-01-06 11:22:39','2021-01-06 11:22:39',NULL),(27,3,27,NULL,0,'2021-01-06 11:22:39','2021-01-06 11:22:39',NULL),(28,3,28,NULL,0,'2021-01-06 11:22:40','2021-01-06 11:22:40',NULL),(29,3,29,NULL,0,'2021-01-06 11:22:40','2021-01-06 11:22:40',NULL),(30,3,30,NULL,0,'2021-01-06 11:22:40','2021-01-06 11:22:40',NULL),(31,3,31,NULL,0,'2021-01-06 11:22:40','2021-01-06 11:22:40',NULL),(32,3,32,NULL,0,'2021-01-06 11:22:40','2021-01-06 11:22:40',NULL),(33,3,33,NULL,0,'2021-01-06 11:22:40','2021-01-06 11:22:40',NULL),(34,3,34,NULL,0,'2021-01-06 11:22:40','2021-01-06 11:22:40',NULL),(35,4,17,NULL,10,'2021-01-06 13:58:59','2021-01-06 13:58:59',NULL),(36,4,18,NULL,10,'2021-01-06 13:58:59','2021-01-06 13:58:59',NULL),(37,4,19,NULL,10,'2021-01-06 13:58:59','2021-01-06 13:58:59',NULL),(38,4,20,NULL,10,'2021-01-06 13:58:59','2021-01-06 13:58:59',NULL),(39,4,21,NULL,70,'2021-01-06 13:58:59','2021-01-06 13:58:59',NULL),(40,4,22,NULL,10,'2021-01-06 13:58:59','2021-01-06 13:58:59',NULL),(41,4,23,NULL,10,'2021-01-06 13:58:59','2021-01-06 13:58:59',NULL),(42,4,24,NULL,10,'2021-01-06 13:58:59','2021-01-06 13:58:59',NULL),(43,4,25,NULL,10,'2021-01-06 13:58:59','2021-01-06 13:58:59',NULL),(44,4,26,NULL,10,'2021-01-06 13:58:59','2021-01-06 13:58:59',NULL),(45,4,27,NULL,10,'2021-01-06 13:58:59','2021-01-06 13:58:59',NULL),(46,4,28,NULL,10,'2021-01-06 13:58:59','2021-01-06 13:58:59',NULL),(47,4,29,NULL,10,'2021-01-06 13:58:59','2021-01-06 13:58:59',NULL),(48,4,30,NULL,10,'2021-01-06 13:58:59','2021-01-06 13:58:59',NULL),(49,4,31,NULL,20,'2021-01-06 13:58:59','2021-01-06 13:58:59',NULL),(50,4,32,NULL,10,'2021-01-06 13:58:59','2021-01-06 13:58:59',NULL),(51,4,33,NULL,20,'2021-01-06 13:58:59','2021-01-06 13:58:59',NULL),(52,4,34,NULL,10,'2021-01-06 13:58:59','2021-01-06 13:58:59',NULL),(53,5,1,NULL,30,'2021-01-06 19:08:45','2021-01-06 19:08:45',NULL),(54,5,2,NULL,19,'2021-01-06 19:08:45','2021-01-06 19:08:45',NULL),(55,5,3,NULL,20,'2021-01-06 19:08:45','2021-01-06 19:08:45',NULL),(56,5,4,NULL,20,'2021-01-06 19:08:45','2021-01-06 19:08:45',NULL),(57,5,5,NULL,10,'2021-01-06 19:08:45','2021-01-06 19:08:45',NULL),(58,5,6,NULL,10,'2021-01-06 19:08:45','2021-01-06 19:08:45',NULL),(59,5,7,NULL,10,'2021-01-06 19:08:45','2021-01-06 19:08:45',NULL),(60,5,8,NULL,10,'2021-01-06 19:08:45','2021-01-06 19:08:45',NULL),(61,5,9,NULL,10,'2021-01-06 19:08:45','2021-01-06 19:08:45',NULL),(62,5,10,NULL,10,'2021-01-06 19:08:45','2021-01-06 19:08:45',NULL),(63,5,11,NULL,100,'2021-01-06 19:08:45','2021-01-06 19:08:45',NULL),(64,5,12,NULL,10,'2021-01-06 19:08:45','2021-01-06 19:08:45',NULL),(65,5,13,NULL,10,'2021-01-06 19:08:45','2021-01-06 19:08:45',NULL),(66,5,14,NULL,10,'2021-01-06 19:08:45','2021-01-06 19:08:45',NULL),(67,5,15,NULL,10,'2021-01-06 19:08:45','2021-01-06 19:08:45',NULL),(68,5,16,NULL,10,'2021-01-06 19:08:45','2021-01-06 19:08:45',NULL),(69,6,1,NULL,10,'2021-01-06 19:17:09','2021-01-06 19:17:09',NULL),(70,6,2,NULL,10,'2021-01-06 19:17:09','2021-01-06 19:17:09',NULL),(71,6,3,NULL,10,'2021-01-06 19:17:09','2021-01-06 19:17:09',NULL),(72,6,4,NULL,10,'2021-01-06 19:17:09','2021-01-06 19:17:09',NULL),(73,6,5,NULL,10,'2021-01-06 19:17:09','2021-01-06 19:17:09',NULL),(74,6,6,NULL,10,'2021-01-06 19:17:09','2021-01-06 19:17:09',NULL),(75,6,7,NULL,10,'2021-01-06 19:17:09','2021-01-06 19:17:09',NULL),(76,6,8,NULL,10,'2021-01-06 19:17:09','2021-01-06 19:17:09',NULL),(77,6,9,NULL,10,'2021-01-06 19:17:09','2021-01-06 19:17:09',NULL),(78,6,10,NULL,10,'2021-01-06 19:17:09','2021-01-06 19:17:09',NULL),(79,6,11,NULL,10,'2021-01-06 19:17:09','2021-01-06 19:17:09',NULL),(80,6,12,NULL,10,'2021-01-06 19:17:09','2021-01-06 19:17:09',NULL),(81,6,13,NULL,0,'2021-01-06 19:17:09','2021-01-06 19:17:09',NULL),(82,6,14,NULL,0,'2021-01-06 19:17:09','2021-01-06 19:17:09',NULL),(83,6,15,NULL,0,'2021-01-06 19:17:09','2021-01-06 19:17:09',NULL),(84,6,16,NULL,0,'2021-01-06 19:17:09','2021-01-06 19:17:09',NULL),(85,7,17,NULL,10,'2021-01-07 12:01:11','2021-01-07 12:01:11',NULL),(86,7,18,NULL,10,'2021-01-07 12:01:11','2021-01-07 12:01:11',NULL),(87,7,19,NULL,10,'2021-01-07 12:01:11','2021-01-07 12:01:11',NULL),(88,7,20,NULL,10,'2021-01-07 12:01:11','2021-01-07 12:01:11',NULL),(89,7,21,NULL,95,'2021-01-07 12:01:11','2021-01-07 12:01:11',NULL),(90,7,22,NULL,10,'2021-01-07 12:01:11','2021-01-07 12:01:11',NULL),(91,7,23,NULL,10,'2021-01-07 12:01:11','2021-01-07 12:01:11',NULL),(92,7,24,NULL,10,'2021-01-07 12:01:11','2021-01-07 12:01:11',NULL),(93,7,25,NULL,10,'2021-01-07 12:01:11','2021-01-07 12:01:11',NULL),(94,7,26,NULL,10,'2021-01-07 12:01:11','2021-01-07 12:01:11',NULL),(95,7,27,NULL,10,'2021-01-07 12:01:11','2021-01-07 12:01:11',NULL),(96,7,28,NULL,15,'2021-01-07 12:01:11','2021-01-07 12:01:11',NULL),(97,7,29,NULL,10,'2021-01-07 12:01:11','2021-01-07 12:01:11',NULL),(98,7,30,NULL,10,'2021-01-07 12:01:11','2021-01-07 12:01:11',NULL),(99,7,31,NULL,20,'2021-01-07 12:01:11','2021-01-07 12:01:11',NULL),(100,7,32,NULL,10,'2021-01-07 12:01:11','2021-01-07 12:01:11',NULL),(101,7,33,NULL,20,'2021-01-07 12:01:11','2021-01-07 12:01:11',NULL),(102,7,34,NULL,10,'2021-01-07 12:01:11','2021-01-07 12:01:11',NULL),(119,9,1,NULL,10,'2022-03-04 14:35:39','2022-03-04 14:35:39',NULL),(120,9,2,NULL,10,'2022-03-04 14:35:39','2022-03-04 14:35:39',NULL),(121,9,3,NULL,10,'2022-03-04 14:35:39','2022-03-04 14:35:39',NULL),(122,9,4,NULL,10,'2022-03-04 14:35:39','2022-03-04 14:35:39',NULL),(123,9,5,NULL,10,'2022-03-04 14:35:39','2022-03-04 14:35:39',NULL),(124,9,6,NULL,10,'2022-03-04 14:35:39','2022-03-04 14:35:39',NULL),(125,9,7,NULL,10,'2022-03-04 14:35:39','2022-03-04 14:35:39',NULL),(126,9,8,NULL,10,'2022-03-04 14:35:39','2022-03-04 14:35:39',NULL),(127,9,9,NULL,10,'2022-03-04 14:35:39','2022-03-04 14:35:39',NULL),(128,9,10,NULL,10,'2022-03-04 14:35:39','2022-03-04 14:35:39',NULL),(129,9,11,NULL,80,'2022-03-04 14:35:39','2022-03-04 14:35:39',NULL),(130,9,12,NULL,10,'2022-03-04 14:35:39','2022-03-04 14:35:39',NULL),(131,9,13,NULL,10,'2022-03-04 14:35:39','2022-03-04 14:35:39',NULL),(132,9,14,NULL,20,'2022-03-04 14:35:39','2022-03-04 14:35:39',NULL),(133,9,15,NULL,0,'2022-03-04 14:35:39','2022-03-04 14:35:39',NULL),(134,9,16,NULL,0,'2022-03-04 14:35:39','2022-03-04 14:35:39',NULL),(135,10,1,NULL,30,'2022-06-30 18:08:17','2022-06-30 18:08:17',NULL),(136,10,2,NULL,10,'2022-06-30 18:08:17','2022-06-30 18:08:17',NULL),(137,10,3,NULL,50,'2022-06-30 18:08:17','2022-06-30 18:08:17',NULL),(138,10,4,NULL,2,'2022-06-30 18:08:17','2022-06-30 18:08:17',NULL),(139,10,5,NULL,2,'2022-06-30 18:08:17','2022-06-30 18:08:17',NULL),(140,10,6,NULL,2,'2022-06-30 18:08:17','2022-06-30 18:08:17',NULL),(141,10,7,NULL,2,'2022-06-30 18:08:17','2022-06-30 18:08:17',NULL),(142,10,8,NULL,2,'2022-06-30 18:08:17','2022-06-30 18:08:17',NULL),(143,10,9,NULL,2,'2022-06-30 18:08:17','2022-06-30 18:08:17',NULL),(144,10,10,NULL,2,'2022-06-30 18:08:17','2022-06-30 18:08:17',NULL),(145,10,11,NULL,2,'2022-06-30 18:08:17','2022-06-30 18:08:17',NULL),(146,10,12,NULL,2,'2022-06-30 18:08:17','2022-06-30 18:08:17',NULL),(147,10,13,NULL,2,'2022-06-30 18:08:17','2022-06-30 18:08:17',NULL),(148,10,14,NULL,2,'2022-06-30 18:08:17','2022-06-30 18:08:17',NULL),(149,10,15,NULL,2,'2022-06-30 18:08:17','2022-06-30 18:08:17',NULL),(150,10,16,NULL,2,'2022-06-30 18:08:17','2022-06-30 18:08:17',NULL);
/*!40000 ALTER TABLE `acta_detalle` ENABLE KEYS */;
UNLOCK TABLES;
/*!50003 SET @saved_cs_client      = @@character_set_client */ ;
/*!50003 SET @saved_cs_results     = @@character_set_results */ ;
/*!50003 SET @saved_col_connection = @@collation_connection */ ;
/*!50003 SET character_set_client  = utf8 */ ;
/*!50003 SET character_set_results = utf8 */ ;
/*!50003 SET collation_connection  = utf8_general_ci */ ;
/*!50003 SET @saved_sql_mode       = @@sql_mode */ ;
/*!50003 SET sql_mode              = 'STRICT_TRANS_TABLES,STRICT_ALL_TABLES,TRADITIONAL,NO_AUTO_CREATE_USER,NO_ENGINE_SUBSTITUTION' */ ;
DELIMITER ;;
/*!50003 CREATE*/ /*!50017 DEFINER=`root`@`%`*/ /*!50003 TRIGGER `elec2020`.`acta_det_insert`
BEFORE INSERT ON `elec2020`.`acta_detalle`
FOR EACH ROW
BEGIN
    SET NEW.act_det_fi= NOW();
    SET NEW.act_det_um= NOW();
END */;;
DELIMITER ;
/*!50003 SET sql_mode              = @saved_sql_mode */ ;
/*!50003 SET character_set_client  = @saved_cs_client */ ;
/*!50003 SET character_set_results = @saved_cs_results */ ;
/*!50003 SET collation_connection  = @saved_col_connection */ ;
/*!50003 SET @saved_cs_client      = @@character_set_client */ ;
/*!50003 SET @saved_cs_results     = @@character_set_results */ ;
/*!50003 SET @saved_col_connection = @@collation_connection */ ;
/*!50003 SET character_set_client  = utf8 */ ;
/*!50003 SET character_set_results = utf8 */ ;
/*!50003 SET collation_connection  = utf8_general_ci */ ;
/*!50003 SET @saved_sql_mode       = @@sql_mode */ ;
/*!50003 SET sql_mode              = 'STRICT_TRANS_TABLES,STRICT_ALL_TABLES,TRADITIONAL,NO_AUTO_CREATE_USER,NO_ENGINE_SUBSTITUTION' */ ;
DELIMITER ;;
/*!50003 CREATE*/ /*!50017 DEFINER=`root`@`%`*/ /*!50003 TRIGGER `elec2020`.`acta_det_update`
BEFORE UPDATE ON `elec2020`.`acta_detalle`
FOR EACH ROW
BEGIN
    SET NEW.act_det_um= NOW();
END */;;
DELIMITER ;
/*!50003 SET sql_mode              = @saved_sql_mode */ ;
/*!50003 SET character_set_client  = @saved_cs_client */ ;
/*!50003 SET character_set_results = @saved_cs_results */ ;
/*!50003 SET collation_connection  = @saved_col_connection */ ;

--
-- Table structure for table `acta_estado`
--

DROP TABLE IF EXISTS `acta_estado`;
/*!40101 SET @saved_cs_client     = @@character_set_client */;
/*!50503 SET character_set_client = utf8mb4 */;
CREATE TABLE `acta_estado` (
  `idacta_estado` int(11) NOT NULL AUTO_INCREMENT,
  `estado_nombre` varchar(150) COLLATE utf8_unicode_ci DEFAULT NULL,
  PRIMARY KEY (`idacta_estado`)
) ENGINE=InnoDB AUTO_INCREMENT=2 DEFAULT CHARSET=utf8 COLLATE=utf8_unicode_ci;
/*!40101 SET character_set_client = @saved_cs_client */;

--
-- Dumping data for table `acta_estado`
--

LOCK TABLES `acta_estado` WRITE;
/*!40000 ALTER TABLE `acta_estado` DISABLE KEYS */;
INSERT INTO `acta_estado` VALUES (1,'DIGITADA');
/*!40000 ALTER TABLE `acta_estado` ENABLE KEYS */;
UNLOCK TABLES;

--
-- Table structure for table `acta_historial_usu`
--

DROP TABLE IF EXISTS `acta_historial_usu`;
/*!40101 SET @saved_cs_client     = @@character_set_client */;
/*!50503 SET character_set_client = utf8mb4 */;
CREATE TABLE `acta_historial_usu` (
  `idacta_historial_usu` int(11) NOT NULL AUTO_INCREMENT,
  `acta_historial_usu_id` int(11) DEFAULT NULL,
  `acta_historial_usu_junta_id` int(11) DEFAULT NULL,
  `acta_historial_usu_dignidad_id` int(11) DEFAULT NULL,
  `acta_historial_usu_fi` datetime DEFAULT NULL,
  PRIMARY KEY (`idacta_historial_usu`)
) ENGINE=InnoDB AUTO_INCREMENT=11 DEFAULT CHARSET=utf8 COLLATE=utf8_unicode_ci;
/*!40101 SET character_set_client = @saved_cs_client */;

--
-- Dumping data for table `acta_historial_usu`
--

LOCK TABLES `acta_historial_usu` WRITE;
/*!40000 ALTER TABLE `acta_historial_usu` DISABLE KEYS */;
INSERT INTO `acta_historial_usu` VALUES (1,1,88,1,'2021-01-05 13:06:10'),(2,1,279,2,'2021-01-06 11:09:57'),(3,1,279,2,'2021-01-06 11:22:39'),(4,1,1218,2,'2021-01-06 13:58:59'),(5,1,280,1,'2021-01-06 19:08:45'),(6,1,573,1,'2021-01-06 19:17:09'),(7,1,1,2,'2021-01-07 12:01:11'),(8,1,90,1,'2021-01-07 19:18:14'),(9,1,90,1,'2022-03-04 14:35:39'),(10,1,1240,1,'2022-06-30 18:08:16');
/*!40000 ALTER TABLE `acta_historial_usu` ENABLE KEYS */;
UNLOCK TABLES;
/*!50003 SET @saved_cs_client      = @@character_set_client */ ;
/*!50003 SET @saved_cs_results     = @@character_set_results */ ;
/*!50003 SET @saved_col_connection = @@collation_connection */ ;
/*!50003 SET character_set_client  = utf8 */ ;
/*!50003 SET character_set_results = utf8 */ ;
/*!50003 SET collation_connection  = utf8_general_ci */ ;
/*!50003 SET @saved_sql_mode       = @@sql_mode */ ;
/*!50003 SET sql_mode              = 'STRICT_TRANS_TABLES,NO_AUTO_CREATE_USER,NO_ENGINE_SUBSTITUTION' */ ;
DELIMITER ;;
/*!50003 CREATE*/ /*!50017 DEFINER=`root`@`localhost`*/ /*!50003 TRIGGER `elec2020`.`acta_historial_usu_BEFORE_INSERT` BEFORE INSERT ON `acta_historial_usu` FOR EACH ROW
BEGIN
	set new.acta_historial_usu_fi=now();
END */;;
DELIMITER ;
/*!50003 SET sql_mode              = @saved_sql_mode */ ;
/*!50003 SET character_set_client  = @saved_cs_client */ ;
/*!50003 SET character_set_results = @saved_cs_results */ ;
/*!50003 SET collation_connection  = @saved_col_connection */ ;

--
-- Table structure for table `acta_images`
--

DROP TABLE IF EXISTS `acta_images`;
/*!40101 SET @saved_cs_client     = @@character_set_client */;
/*!50503 SET character_set_client = utf8mb4 */;
CREATE TABLE `acta_images` (
  `idacta_images` int(11) NOT NULL AUTO_INCREMENT,
  `acta_image_usu_ing` int(11) DEFAULT NULL,
  `acta_image_id_junta` int(11) DEFAULT NULL,
  `acta_image_id_dignidad` int(11) DEFAULT NULL,
  `acta_image_activa` bit(1) DEFAULT NULL,
  `acta_image_fi` datetime DEFAULT NULL,
  `acta_image_um` datetime DEFAULT NULL,
  PRIMARY KEY (`idacta_images`),
  KEY `fk_acta_imagen_dignidad_idx` (`acta_image_id_dignidad`),
  KEY `fk_acta_imagen_usuario_idx` (`acta_image_usu_ing`),
  KEY `fk_acta_imagen_junta_idx` (`acta_image_id_junta`),
  CONSTRAINT `fk_acta_imagen_dignidad` FOREIGN KEY (`acta_image_id_dignidad`) REFERENCES `dignidad` (`iddignidad`) ON DELETE NO ACTION ON UPDATE NO ACTION,
  CONSTRAINT `fk_acta_imagen_junta` FOREIGN KEY (`acta_image_id_junta`) REFERENCES `junta` (`idjunta`) ON DELETE NO ACTION ON UPDATE NO ACTION,
  CONSTRAINT `fk_acta_imagen_usuario` FOREIGN KEY (`acta_image_usu_ing`) REFERENCES `usuario` (`idusuario`) ON DELETE NO ACTION ON UPDATE NO ACTION
) ENGINE=InnoDB DEFAULT CHARSET=utf8 COLLATE=utf8_unicode_ci;
/*!40101 SET character_set_client = @saved_cs_client */;

--
-- Dumping data for table `acta_images`
--

LOCK TABLES `acta_images` WRITE;
/*!40000 ALTER TABLE `acta_images` DISABLE KEYS */;
/*!40000 ALTER TABLE `acta_images` ENABLE KEYS */;
UNLOCK TABLES;
/*!50003 SET @saved_cs_client      = @@character_set_client */ ;
/*!50003 SET @saved_cs_results     = @@character_set_results */ ;
/*!50003 SET @saved_col_connection = @@collation_connection */ ;
/*!50003 SET character_set_client  = utf8 */ ;
/*!50003 SET character_set_results = utf8 */ ;
/*!50003 SET collation_connection  = utf8_general_ci */ ;
/*!50003 SET @saved_sql_mode       = @@sql_mode */ ;
/*!50003 SET sql_mode              = 'STRICT_TRANS_TABLES,NO_AUTO_CREATE_USER,NO_ENGINE_SUBSTITUTION' */ ;
DELIMITER ;;
/*!50003 CREATE*/ /*!50017 DEFINER=`root`@`localhost`*/ /*!50003 TRIGGER `elec2020`.`acta_images_BEFORE_INSERT` BEFORE INSERT ON `acta_images` FOR EACH ROW
BEGIN
	set new.acta_image_fi=now();
    set new.acta_image_um=now();
END */;;
DELIMITER ;
/*!50003 SET sql_mode              = @saved_sql_mode */ ;
/*!50003 SET character_set_client  = @saved_cs_client */ ;
/*!50003 SET character_set_results = @saved_cs_results */ ;
/*!50003 SET collation_connection  = @saved_col_connection */ ;
/*!50003 SET @saved_cs_client      = @@character_set_client */ ;
/*!50003 SET @saved_cs_results     = @@character_set_results */ ;
/*!50003 SET @saved_col_connection = @@collation_connection */ ;
/*!50003 SET character_set_client  = utf8 */ ;
/*!50003 SET character_set_results = utf8 */ ;
/*!50003 SET collation_connection  = utf8_general_ci */ ;
/*!50003 SET @saved_sql_mode       = @@sql_mode */ ;
/*!50003 SET sql_mode              = 'STRICT_TRANS_TABLES,NO_AUTO_CREATE_USER,NO_ENGINE_SUBSTITUTION' */ ;
DELIMITER ;;
/*!50003 CREATE*/ /*!50017 DEFINER=`root`@`localhost`*/ /*!50003 TRIGGER `elec2020`.`acta_images_BEFORE_UPDATE` BEFORE UPDATE ON `acta_images` FOR EACH ROW
BEGIN
	set new.acta_image_um=now();
END */;;
DELIMITER ;
/*!50003 SET sql_mode              = @saved_sql_mode */ ;
/*!50003 SET character_set_client  = @saved_cs_client */ ;
/*!50003 SET character_set_results = @saved_cs_results */ ;
/*!50003 SET collation_connection  = @saved_col_connection */ ;

--
-- Table structure for table `candidato`
--

DROP TABLE IF EXISTS `candidato`;
/*!40101 SET @saved_cs_client     = @@character_set_client */;
/*!50503 SET character_set_client = utf8mb4 */;
CREATE TABLE `candidato` (
  `idcandidato` int(11) NOT NULL AUTO_INCREMENT,
  `fr_id_organizacion` int(11) DEFAULT NULL,
  `nombre` varchar(300) COLLATE utf8_unicode_ci DEFAULT NULL,
  `can_orden` int(11) DEFAULT NULL,
  `fr_id_dignidad` int(11) DEFAULT NULL,
  `imagen` varchar(200) COLLATE utf8_unicode_ci DEFAULT NULL,
  `activo` tinyint(4) DEFAULT NULL,
  `es_provincial` tinyint(4) DEFAULT NULL,
  `fr_id_provincia` int(11) DEFAULT NULL,
  `es_cantonal` tinyint(4) DEFAULT NULL,
  `fr_id_canton` int(11) DEFAULT NULL,
  `es_parroquial` tinyint(4) DEFAULT NULL,
  `fr_id_parroquia` int(11) DEFAULT NULL,
  PRIMARY KEY (`idcandidato`),
  KEY `fk_candidato_organizacion` (`fr_id_organizacion`),
  CONSTRAINT `fk_candidato_organizacion` FOREIGN KEY (`fr_id_organizacion`) REFERENCES `organizacion` (`idorganizacion`) ON DELETE NO ACTION ON UPDATE CASCADE
) ENGINE=InnoDB AUTO_INCREMENT=35 DEFAULT CHARSET=utf8 COLLATE=utf8_unicode_ci;
/*!40101 SET character_set_client = @saved_cs_client */;

--
-- Dumping data for table `candidato`
--

LOCK TABLES `candidato` WRITE;
/*!40000 ALTER TABLE `candidato` DISABLE KEYS */;
INSERT INTO `candidato` VALUES (1,1,'Andrés Arauz',1,1,'null',1,1,8,NULL,NULL,NULL,NULL),(2,3,'Lucio Gutierrez',2,1,'null',1,1,8,NULL,NULL,NULL,NULL),(3,4,'Gerson Almeida',3,1,'null',1,1,8,NULL,NULL,NULL,NULL),(4,8,'Isidro Romero',4,1,'null',1,1,8,NULL,NULL,NULL,NULL),(5,10,'Carlos Sagñay',5,1,'null',1,1,8,NULL,NULL,NULL,NULL),(6,12,'Cesar Montufar',6,1,'null',1,1,8,NULL,NULL,NULL,NULL),(7,16,'Pedro José Freile',7,1,'null',1,1,8,NULL,NULL,NULL,NULL),(8,18,'Yaku Perez',8,1,'null',1,1,8,NULL,NULL,NULL,NULL),(9,19,'Giovanny Andrade',9,1,'null',1,1,8,NULL,NULL,NULL,NULL),(10,20,'Gustavo Larrea',10,1,'null',1,1,8,NULL,NULL,NULL,NULL),(11,21,'Guillermo Lasso',11,1,'null',1,1,8,NULL,NULL,NULL,NULL),(12,23,'Guillermo Celi',12,1,'null',1,1,8,NULL,NULL,NULL,NULL),(13,25,'Juan Fernando Velazco',13,1,'null',1,1,8,NULL,NULL,NULL,NULL),(14,33,'Paul Carrasco',14,1,'null',1,1,8,NULL,NULL,NULL,NULL),(15,35,'Ximena Peña',15,1,'null',1,1,8,NULL,NULL,NULL,NULL),(16,51,'Cesar Montufar',16,1,'null',1,1,8,NULL,NULL,NULL,NULL),(17,1,'Movimiento Centro Democrático',1,2,'null',1,1,8,NULL,NULL,NULL,NULL),(18,2,'Partido Unidad Popular',2,2,'null',1,1,8,NULL,NULL,NULL,NULL),(19,3,'Partido Sociedad Patriótica',3,2,'null',1,1,8,NULL,NULL,NULL,NULL),(20,4,'Movimiento Ecuatoriano Unido',4,2,'null',1,1,8,NULL,NULL,NULL,NULL),(21,6,'Partido Social Cristiano',5,2,'null',1,1,8,NULL,NULL,NULL,NULL),(22,8,'Partido Político Avanza',6,2,'null',1,1,8,NULL,NULL,NULL,NULL),(23,10,'Partido Fuerza EC',7,2,'null',1,1,8,NULL,NULL,NULL,NULL),(24,11,'Movimiento Justicia Social',8,2,'null',1,1,8,NULL,NULL,NULL,NULL),(25,12,'Partido Izquierda Democrática',9,2,'null',1,1,8,NULL,NULL,NULL,NULL),(26,18,'Pachakutik',10,2,'null',1,1,8,NULL,NULL,NULL,NULL),(27,19,'Union Ecuatoriana',11,2,'null',1,1,8,NULL,NULL,NULL,NULL),(28,20,'Movimineto Democracia SI',12,2,'null',1,1,8,NULL,NULL,NULL,NULL),(29,21,'Movimiento CREO',13,2,'null',1,1,8,NULL,NULL,NULL,NULL),(30,23,'Partido SUMA',14,2,'null',1,1,8,NULL,NULL,NULL,NULL),(31,25,'Movimiento CONSTRUYE',15,2,'null',1,1,8,NULL,NULL,NULL,NULL),(32,33,'Movimiento PODEMOS',16,2,'null',1,1,8,NULL,NULL,NULL,NULL),(33,35,'Movimiento Alianza Pais',17,2,'null',1,1,8,NULL,NULL,NULL,NULL),(34,51,'Honestidad 17-51',18,2,'null',1,1,8,NULL,NULL,NULL,NULL);
/*!40000 ALTER TABLE `candidato` ENABLE KEYS */;
UNLOCK TABLES;

--
-- Table structure for table `cantones`
--

DROP TABLE IF EXISTS `cantones`;
/*!40101 SET @saved_cs_client     = @@character_set_client */;
/*!50503 SET character_set_client = utf8mb4 */;
CREATE TABLE `cantones` (
  `cod_canton` int(11) NOT NULL AUTO_INCREMENT,
  `cod_provincia` int(11) DEFAULT NULL,
  `nombre_canton` varchar(500) COLLATE utf8_unicode_ci DEFAULT NULL,
  `tiene_circunscipciones` bit(1) DEFAULT NULL,
  `fr_id_canton_pertenece` int(11) DEFAULT NULL,
  PRIMARY KEY (`cod_canton`),
  KEY `fk_cantones_1` (`cod_provincia`),
  CONSTRAINT `fk_cantones_1` FOREIGN KEY (`cod_provincia`) REFERENCES `provincia` (`cne_cod_prov`) ON DELETE NO ACTION ON UPDATE CASCADE
) ENGINE=InnoDB AUTO_INCREMENT=11 DEFAULT CHARSET=utf8 COLLATE=utf8_unicode_ci;
/*!40101 SET character_set_client = @saved_cs_client */;

--
-- Dumping data for table `cantones`
--

LOCK TABLES `cantones` WRITE;
/*!40000 ALTER TABLE `cantones` DISABLE KEYS */;
INSERT INTO `cantones` VALUES (1,8,'ATACAMES',_binary '\0',1),(2,8,'ELOY ALFARO',_binary '\0',2),(3,8,'ESMERALDAS',_binary '',3),(4,8,'ESMERALDAS CIRCUNSC. 1',_binary '\0',3),(5,8,'ESMERALDAS CIRCUNSC. 2',_binary '\0',3),(6,8,'ESMERALDAS RURAL',_binary '\0',3),(7,8,'MUISNE',_binary '\0',7),(8,8,'QUININDE',_binary '\0',8),(9,8,'RIOVERDE',_binary '\0',9),(10,8,'SAN LORENZO',_binary '\0',10);
/*!40000 ALTER TABLE `cantones` ENABLE KEYS */;
UNLOCK TABLES;

--
-- Table structure for table `circunsc`
--

DROP TABLE IF EXISTS `circunsc`;
/*!40101 SET @saved_cs_client     = @@character_set_client */;
/*!50503 SET character_set_client = utf8mb4 */;
CREATE TABLE `circunsc` (
  `idcircunsc` int(11) NOT NULL AUTO_INCREMENT,
  `cod_canton` int(11) DEFAULT NULL,
  `canton_nombre` varchar(45) COLLATE utf8_unicode_ci DEFAULT NULL,
  `circuns_nombre` varchar(150) COLLATE utf8_unicode_ci DEFAULT NULL,
  `circuns_activo` bit(1) DEFAULT NULL,
  PRIMARY KEY (`idcircunsc`),
  KEY `fk_circunsc_1` (`cod_canton`),
  CONSTRAINT `fk_circunsc_1` FOREIGN KEY (`cod_canton`) REFERENCES `cantones` (`cod_canton`) ON DELETE NO ACTION ON UPDATE NO ACTION
) ENGINE=InnoDB DEFAULT CHARSET=utf8 COLLATE=utf8_unicode_ci;
/*!40101 SET character_set_client = @saved_cs_client */;

--
-- Dumping data for table `circunsc`
--

LOCK TABLES `circunsc` WRITE;
/*!40000 ALTER TABLE `circunsc` DISABLE KEYS */;
/*!40000 ALTER TABLE `circunsc` ENABLE KEYS */;
UNLOCK TABLES;

--
-- Table structure for table `dignidad`
--

DROP TABLE IF EXISTS `dignidad`;
/*!40101 SET @saved_cs_client     = @@character_set_client */;
/*!50503 SET character_set_client = utf8mb4 */;
CREATE TABLE `dignidad` (
  `iddignidad` int(11) NOT NULL AUTO_INCREMENT,
  `nombre_dignidad` varchar(200) COLLATE utf8_unicode_ci DEFAULT NULL,
  `activo` bit(1) DEFAULT NULL,
  `es_provincial` bit(1) DEFAULT NULL,
  `fr_id_id_provincia` int(11) DEFAULT NULL,
  `provincia_nombre` varchar(200) COLLATE utf8_unicode_ci DEFAULT NULL,
  `fr_id_eleccion` int(11) DEFAULT NULL,
  `eleccion_nombre` varchar(200) COLLATE utf8_unicode_ci DEFAULT NULL,
  `num_candidato_lista` varchar(200) COLLATE utf8_unicode_ci DEFAULT NULL,
  PRIMARY KEY (`iddignidad`)
) ENGINE=InnoDB AUTO_INCREMENT=5 DEFAULT CHARSET=utf8 COLLATE=utf8_unicode_ci;
/*!40101 SET character_set_client = @saved_cs_client */;

--
-- Dumping data for table `dignidad`
--

LOCK TABLES `dignidad` WRITE;
/*!40000 ALTER TABLE `dignidad` DISABLE KEYS */;
INSERT INTO `dignidad` VALUES (1,'Presidente y Vicepresidente',_binary '',NULL,NULL,NULL,NULL,NULL,NULL),(2,'Asambleístas Provinciales',_binary '',NULL,NULL,NULL,NULL,NULL,NULL),(3,'Parlamentarios Andinos',_binary '',NULL,NULL,NULL,NULL,NULL,NULL),(4,'Asambleístas Nacionales',_binary '',NULL,NULL,NULL,NULL,NULL,NULL);
/*!40000 ALTER TABLE `dignidad` ENABLE KEYS */;
UNLOCK TABLES;

--
-- Table structure for table `junta`
--

DROP TABLE IF EXISTS `junta`;
/*!40101 SET @saved_cs_client     = @@character_set_client */;
/*!50503 SET character_set_client = utf8mb4 */;
CREATE TABLE `junta` (
  `idjunta` int(11) NOT NULL AUTO_INCREMENT,
  `fr_id_zona` int(11) DEFAULT NULL,
  `cne_cod_junta` int(11) DEFAULT NULL,
  `num_junta` int(11) DEFAULT NULL,
  `genero` varchar(45) COLLATE utf8_unicode_ci DEFAULT NULL,
  `junta_nombre` varchar(100) COLLATE utf8_unicode_ci DEFAULT NULL,
  `num_electores_cne` int(11) DEFAULT NULL,
  `num_votaron` int(11) DEFAULT NULL,
  `num_no_votaron` int(11) DEFAULT NULL,
  `num_total_votaron` int(11) DEFAULT NULL,
  `receptada` bit(1) DEFAULT NULL,
  `responsable_cedula` varchar(45) COLLATE utf8_unicode_ci DEFAULT NULL,
  `responsable` varchar(200) COLLATE utf8_unicode_ci DEFAULT NULL,
  `responsable_telefono` varchar(100) COLLATE utf8_unicode_ci DEFAULT NULL,
  `cod_recinto` int(11) DEFAULT NULL,
  PRIMARY KEY (`idjunta`),
  KEY `fk_junta_1` (`fr_id_zona`),
  CONSTRAINT `fk_junta_1` FOREIGN KEY (`fr_id_zona`) REFERENCES `zonas` (`idzonas`) ON DELETE NO ACTION ON UPDATE CASCADE
) ENGINE=InnoDB AUTO_INCREMENT=1330 DEFAULT CHARSET=utf8 COLLATE=utf8_unicode_ci;
/*!40101 SET character_set_client = @saved_cs_client */;

--
-- Dumping data for table `junta`
--

LOCK TABLES `junta` WRITE;
/*!40000 ALTER TABLE `junta` DISABLE KEYS */;
INSERT INTO `junta` VALUES (1,1,NULL,1,'F','1 F',NULL,NULL,NULL,NULL,NULL,NULL,NULL,NULL,1),(2,1,NULL,1,'M','1 M',NULL,NULL,NULL,NULL,NULL,NULL,NULL,NULL,1),(3,1,NULL,2,'M','2 M',NULL,NULL,NULL,NULL,NULL,NULL,NULL,NULL,1),(4,1,NULL,2,'F','2 F',NULL,NULL,NULL,NULL,NULL,NULL,NULL,NULL,2),(5,1,NULL,3,'F','3 F',NULL,NULL,NULL,NULL,NULL,NULL,NULL,NULL,2),(6,1,NULL,3,'M','3 M',NULL,NULL,NULL,NULL,NULL,NULL,NULL,NULL,2),(7,1,NULL,4,'M','4 M',NULL,NULL,NULL,NULL,NULL,NULL,NULL,NULL,2),(8,2,NULL,1,'F','1 F',NULL,NULL,NULL,NULL,NULL,NULL,NULL,NULL,3),(9,2,NULL,2,'F','2 F',NULL,NULL,NULL,NULL,NULL,NULL,NULL,NULL,3),(10,2,NULL,1,'M','1 M',NULL,NULL,NULL,NULL,NULL,NULL,NULL,NULL,3),(11,2,NULL,2,'M','2 M',NULL,NULL,NULL,NULL,NULL,NULL,NULL,NULL,3),(12,2,NULL,3,'M','3 M',NULL,NULL,NULL,NULL,NULL,NULL,NULL,NULL,3),(13,3,NULL,1,'F','1 F',NULL,NULL,NULL,NULL,NULL,NULL,NULL,NULL,4),(14,3,NULL,1,'M','1 M',NULL,NULL,NULL,NULL,NULL,NULL,NULL,NULL,4),(15,3,NULL,2,'M','2 M',NULL,NULL,NULL,NULL,NULL,NULL,NULL,NULL,4),(16,3,NULL,2,'F','2 F',NULL,NULL,NULL,NULL,NULL,NULL,NULL,NULL,5),(17,3,NULL,3,'F','3 F',NULL,NULL,NULL,NULL,NULL,NULL,NULL,NULL,5),(18,3,NULL,4,'F','4 F',NULL,NULL,NULL,NULL,NULL,NULL,NULL,NULL,5),(19,3,NULL,3,'M','3 M',NULL,NULL,NULL,NULL,NULL,NULL,NULL,NULL,5),(20,3,NULL,4,'M','4 M',NULL,NULL,NULL,NULL,NULL,NULL,NULL,NULL,5),(21,3,NULL,5,'M','5 M',NULL,NULL,NULL,NULL,NULL,NULL,NULL,NULL,5),(22,4,NULL,1,'F','1 F',NULL,NULL,NULL,NULL,NULL,NULL,NULL,NULL,6),(23,4,NULL,2,'F','2 F',NULL,NULL,NULL,NULL,NULL,NULL,NULL,NULL,6),(24,4,NULL,3,'F','3 F',NULL,NULL,NULL,NULL,NULL,NULL,NULL,NULL,6),(25,4,NULL,1,'M','1 M',NULL,NULL,NULL,NULL,NULL,NULL,NULL,NULL,6),(26,4,NULL,2,'M','2 M',NULL,NULL,NULL,NULL,NULL,NULL,NULL,NULL,6),(27,4,NULL,3,'M','3 M',NULL,NULL,NULL,NULL,NULL,NULL,NULL,NULL,6),(28,5,NULL,1,'F','1 F',NULL,NULL,NULL,NULL,NULL,NULL,NULL,NULL,7),(29,5,NULL,2,'F','2 F',NULL,NULL,NULL,NULL,NULL,NULL,NULL,NULL,7),(30,5,NULL,3,'F','3 F',NULL,NULL,NULL,NULL,NULL,NULL,NULL,NULL,7),(31,5,NULL,1,'M','1 M',NULL,NULL,NULL,NULL,NULL,NULL,NULL,NULL,7),(32,5,NULL,2,'M','2 M',NULL,NULL,NULL,NULL,NULL,NULL,NULL,NULL,7),(33,5,NULL,3,'M','3 M',NULL,NULL,NULL,NULL,NULL,NULL,NULL,NULL,7),(34,5,NULL,4,'M','4 M',NULL,NULL,NULL,NULL,NULL,NULL,NULL,NULL,7),(35,5,NULL,4,'F','4 F',NULL,NULL,NULL,NULL,NULL,NULL,NULL,NULL,8),(36,5,NULL,5,'F','5 F',NULL,NULL,NULL,NULL,NULL,NULL,NULL,NULL,8),(37,5,NULL,6,'F','6 F',NULL,NULL,NULL,NULL,NULL,NULL,NULL,NULL,8),(38,5,NULL,5,'M','5 M',NULL,NULL,NULL,NULL,NULL,NULL,NULL,NULL,8),(39,5,NULL,6,'M','6 M',NULL,NULL,NULL,NULL,NULL,NULL,NULL,NULL,8),(40,5,NULL,7,'M','7 M',NULL,NULL,NULL,NULL,NULL,NULL,NULL,NULL,8),(41,6,NULL,1,'F','1 F',NULL,NULL,NULL,NULL,NULL,NULL,NULL,NULL,9),(42,6,NULL,1,'M','1 M',NULL,NULL,NULL,NULL,NULL,NULL,NULL,NULL,9),(43,7,NULL,1,'F','1 F',NULL,NULL,NULL,NULL,NULL,NULL,NULL,NULL,10),(44,7,NULL,2,'F','2 F',NULL,NULL,NULL,NULL,NULL,NULL,NULL,NULL,10),(45,7,NULL,3,'F','3 F',NULL,NULL,NULL,NULL,NULL,NULL,NULL,NULL,10),(46,7,NULL,4,'F','4 F',NULL,NULL,NULL,NULL,NULL,NULL,NULL,NULL,10),(47,7,NULL,1,'M','1 M',NULL,NULL,NULL,NULL,NULL,NULL,NULL,NULL,10),(48,7,NULL,2,'M','2 M',NULL,NULL,NULL,NULL,NULL,NULL,NULL,NULL,10),(49,7,NULL,3,'M','3 M',NULL,NULL,NULL,NULL,NULL,NULL,NULL,NULL,10),(50,7,NULL,4,'M','4 M',NULL,NULL,NULL,NULL,NULL,NULL,NULL,NULL,10),(51,8,NULL,1,'F','1 F',NULL,NULL,NULL,NULL,NULL,NULL,NULL,NULL,11),(52,8,NULL,2,'F','2 F',NULL,NULL,NULL,NULL,NULL,NULL,NULL,NULL,11),(53,8,NULL,3,'F','3 F',NULL,NULL,NULL,NULL,NULL,NULL,NULL,NULL,11),(54,8,NULL,4,'F','4 F',NULL,NULL,NULL,NULL,NULL,NULL,NULL,NULL,11),(55,8,NULL,5,'F','5 F',NULL,NULL,NULL,NULL,NULL,NULL,NULL,NULL,11),(56,8,NULL,1,'M','1 M',NULL,NULL,NULL,NULL,NULL,NULL,NULL,NULL,11),(57,8,NULL,2,'M','2 M',NULL,NULL,NULL,NULL,NULL,NULL,NULL,NULL,11),(58,8,NULL,3,'M','3 M',NULL,NULL,NULL,NULL,NULL,NULL,NULL,NULL,11),(59,8,NULL,4,'M','4 M',NULL,NULL,NULL,NULL,NULL,NULL,NULL,NULL,11),(60,8,NULL,5,'M','5 M',NULL,NULL,NULL,NULL,NULL,NULL,NULL,NULL,11),(61,9,NULL,1,'F','1 F',NULL,NULL,NULL,NULL,NULL,NULL,NULL,NULL,12),(62,9,NULL,2,'F','2 F',NULL,NULL,NULL,NULL,NULL,NULL,NULL,NULL,12),(63,9,NULL,3,'F','3 F',NULL,NULL,NULL,NULL,NULL,NULL,NULL,NULL,12),(64,9,NULL,4,'F','4 F',NULL,NULL,NULL,NULL,NULL,NULL,NULL,NULL,12),(65,9,NULL,5,'F','5 F',NULL,NULL,NULL,NULL,NULL,NULL,NULL,NULL,12),(66,9,NULL,6,'F','6 F',NULL,NULL,NULL,NULL,NULL,NULL,NULL,NULL,12),(67,9,NULL,7,'F','7 F',NULL,NULL,NULL,NULL,NULL,NULL,NULL,NULL,12),(68,9,NULL,8,'F','8 F',NULL,NULL,NULL,NULL,NULL,NULL,NULL,NULL,12),(69,9,NULL,1,'M','1 M',NULL,NULL,NULL,NULL,NULL,NULL,NULL,NULL,12),(70,9,NULL,2,'M','2 M',NULL,NULL,NULL,NULL,NULL,NULL,NULL,NULL,12),(71,9,NULL,3,'M','3 M',NULL,NULL,NULL,NULL,NULL,NULL,NULL,NULL,12),(72,9,NULL,4,'M','4 M',NULL,NULL,NULL,NULL,NULL,NULL,NULL,NULL,12),(73,9,NULL,5,'M','5 M',NULL,NULL,NULL,NULL,NULL,NULL,NULL,NULL,12),(74,9,NULL,6,'M','6 M',NULL,NULL,NULL,NULL,NULL,NULL,NULL,NULL,12),(75,9,NULL,7,'M','7 M',NULL,NULL,NULL,NULL,NULL,NULL,NULL,NULL,12),(76,9,NULL,8,'M','8 M',NULL,NULL,NULL,NULL,NULL,NULL,NULL,NULL,12),(77,9,NULL,9,'F','9 F',NULL,NULL,NULL,NULL,NULL,NULL,NULL,NULL,13),(78,9,NULL,10,'F','10 F',NULL,NULL,NULL,NULL,NULL,NULL,NULL,NULL,13),(79,9,NULL,9,'M','9 M',NULL,NULL,NULL,NULL,NULL,NULL,NULL,NULL,13),(80,9,NULL,10,'M','10 M',NULL,NULL,NULL,NULL,NULL,NULL,NULL,NULL,13),(81,9,NULL,11,'F','11 F',NULL,NULL,NULL,NULL,NULL,NULL,NULL,NULL,14),(82,9,NULL,12,'F','12 F',NULL,NULL,NULL,NULL,NULL,NULL,NULL,NULL,14),(83,9,NULL,13,'F','13 F',NULL,NULL,NULL,NULL,NULL,NULL,NULL,NULL,14),(84,9,NULL,11,'M','11 M',NULL,NULL,NULL,NULL,NULL,NULL,NULL,NULL,14),(85,9,NULL,12,'M','12 M',NULL,NULL,NULL,NULL,NULL,NULL,NULL,NULL,14),(86,9,NULL,13,'M','13 M',NULL,NULL,NULL,NULL,NULL,NULL,NULL,NULL,14),(87,9,NULL,14,'M','14 M',NULL,NULL,NULL,NULL,NULL,NULL,NULL,NULL,14),(88,10,NULL,1,'F','1 F',NULL,NULL,NULL,NULL,NULL,NULL,NULL,NULL,15),(89,10,NULL,2,'F','2 F',NULL,NULL,NULL,NULL,NULL,NULL,NULL,NULL,15),(90,10,NULL,3,'F','3 F',NULL,NULL,NULL,NULL,NULL,NULL,NULL,NULL,15),(91,10,NULL,4,'F','4 F',NULL,NULL,NULL,NULL,NULL,NULL,NULL,NULL,15),(92,10,NULL,5,'F','5 F',NULL,NULL,NULL,NULL,NULL,NULL,NULL,NULL,15),(93,10,NULL,6,'F','6 F',NULL,NULL,NULL,NULL,NULL,NULL,NULL,NULL,15),(94,10,NULL,7,'F','7 F',NULL,NULL,NULL,NULL,NULL,NULL,NULL,NULL,15),(95,10,NULL,1,'M','1 M',NULL,NULL,NULL,NULL,NULL,NULL,NULL,NULL,15),(96,10,NULL,2,'M','2 M',NULL,NULL,NULL,NULL,NULL,NULL,NULL,NULL,15),(97,10,NULL,3,'M','3 M',NULL,NULL,NULL,NULL,NULL,NULL,NULL,NULL,15),(98,10,NULL,4,'M','4 M',NULL,NULL,NULL,NULL,NULL,NULL,NULL,NULL,15),(99,10,NULL,5,'M','5 M',NULL,NULL,NULL,NULL,NULL,NULL,NULL,NULL,15),(100,10,NULL,6,'M','6 M',NULL,NULL,NULL,NULL,NULL,NULL,NULL,NULL,15),(101,10,NULL,8,'F','8 F',NULL,NULL,NULL,NULL,NULL,NULL,NULL,NULL,16),(102,10,NULL,9,'F','9 F',NULL,NULL,NULL,NULL,NULL,NULL,NULL,NULL,16),(103,10,NULL,10,'F','10 F',NULL,NULL,NULL,NULL,NULL,NULL,NULL,NULL,16),(104,10,NULL,11,'F','11 F',NULL,NULL,NULL,NULL,NULL,NULL,NULL,NULL,16),(105,10,NULL,12,'F','12 F',NULL,NULL,NULL,NULL,NULL,NULL,NULL,NULL,16),(106,10,NULL,13,'F','13 F',NULL,NULL,NULL,NULL,NULL,NULL,NULL,NULL,16),(107,10,NULL,14,'F','14 F',NULL,NULL,NULL,NULL,NULL,NULL,NULL,NULL,16),(108,10,NULL,15,'F','15 F',NULL,NULL,NULL,NULL,NULL,NULL,NULL,NULL,16),(109,10,NULL,7,'M','7 M',NULL,NULL,NULL,NULL,NULL,NULL,NULL,NULL,16),(110,10,NULL,8,'M','8 M',NULL,NULL,NULL,NULL,NULL,NULL,NULL,NULL,16),(111,10,NULL,9,'M','9 M',NULL,NULL,NULL,NULL,NULL,NULL,NULL,NULL,16),(112,10,NULL,10,'M','10 M',NULL,NULL,NULL,NULL,NULL,NULL,NULL,NULL,16),(113,10,NULL,11,'M','11 M',NULL,NULL,NULL,NULL,NULL,NULL,NULL,NULL,16),(114,10,NULL,12,'M','12 M',NULL,NULL,NULL,NULL,NULL,NULL,NULL,NULL,16),(115,10,NULL,13,'M','13 M',NULL,NULL,NULL,NULL,NULL,NULL,NULL,NULL,16),(116,10,NULL,16,'F','16 F',NULL,NULL,NULL,NULL,NULL,NULL,NULL,NULL,17),(117,10,NULL,17,'F','17 F',NULL,NULL,NULL,NULL,NULL,NULL,NULL,NULL,17),(118,10,NULL,18,'F','18 F',NULL,NULL,NULL,NULL,NULL,NULL,NULL,NULL,17),(119,10,NULL,19,'F','19 F',NULL,NULL,NULL,NULL,NULL,NULL,NULL,NULL,17),(120,10,NULL,20,'F','20 F',NULL,NULL,NULL,NULL,NULL,NULL,NULL,NULL,17),(121,10,NULL,21,'F','21 F',NULL,NULL,NULL,NULL,NULL,NULL,NULL,NULL,17),(122,10,NULL,14,'M','14 M',NULL,NULL,NULL,NULL,NULL,NULL,NULL,NULL,17),(123,10,NULL,15,'M','15 M',NULL,NULL,NULL,NULL,NULL,NULL,NULL,NULL,17),(124,10,NULL,16,'M','16 M',NULL,NULL,NULL,NULL,NULL,NULL,NULL,NULL,17),(125,10,NULL,17,'M','17 M',NULL,NULL,NULL,NULL,NULL,NULL,NULL,NULL,17),(126,10,NULL,18,'M','18 M',NULL,NULL,NULL,NULL,NULL,NULL,NULL,NULL,17),(127,10,NULL,19,'M','19 M',NULL,NULL,NULL,NULL,NULL,NULL,NULL,NULL,17),(128,10,NULL,22,'F','22 F',NULL,NULL,NULL,NULL,NULL,NULL,NULL,NULL,18),(129,10,NULL,20,'M','20 M',NULL,NULL,NULL,NULL,NULL,NULL,NULL,NULL,18),(130,10,NULL,23,'F','23 F',NULL,NULL,NULL,NULL,NULL,NULL,NULL,NULL,19),(131,10,NULL,24,'F','24 F',NULL,NULL,NULL,NULL,NULL,NULL,NULL,NULL,19),(132,10,NULL,21,'M','21 M',NULL,NULL,NULL,NULL,NULL,NULL,NULL,NULL,19),(133,10,NULL,25,'F','25 F',NULL,NULL,NULL,NULL,NULL,NULL,NULL,NULL,20),(134,10,NULL,26,'F','26 F',NULL,NULL,NULL,NULL,NULL,NULL,NULL,NULL,20),(135,10,NULL,27,'F','27 F',NULL,NULL,NULL,NULL,NULL,NULL,NULL,NULL,20),(136,10,NULL,28,'F','28 F',NULL,NULL,NULL,NULL,NULL,NULL,NULL,NULL,20),(137,10,NULL,29,'F','29 F',NULL,NULL,NULL,NULL,NULL,NULL,NULL,NULL,20),(138,10,NULL,30,'F','30 F',NULL,NULL,NULL,NULL,NULL,NULL,NULL,NULL,20),(139,10,NULL,31,'F','31 F',NULL,NULL,NULL,NULL,NULL,NULL,NULL,NULL,20),(140,10,NULL,32,'F','32 F',NULL,NULL,NULL,NULL,NULL,NULL,NULL,NULL,20),(141,10,NULL,33,'F','33 F',NULL,NULL,NULL,NULL,NULL,NULL,NULL,NULL,20),(142,10,NULL,34,'F','34 F',NULL,NULL,NULL,NULL,NULL,NULL,NULL,NULL,20),(143,10,NULL,35,'F','35 F',NULL,NULL,NULL,NULL,NULL,NULL,NULL,NULL,20),(144,10,NULL,36,'F','36 F',NULL,NULL,NULL,NULL,NULL,NULL,NULL,NULL,20),(145,10,NULL,37,'F','37 F',NULL,NULL,NULL,NULL,NULL,NULL,NULL,NULL,20),(146,10,NULL,22,'M','22 M',NULL,NULL,NULL,NULL,NULL,NULL,NULL,NULL,20),(147,10,NULL,23,'M','23 M',NULL,NULL,NULL,NULL,NULL,NULL,NULL,NULL,20),(148,10,NULL,24,'M','24 M',NULL,NULL,NULL,NULL,NULL,NULL,NULL,NULL,20),(149,10,NULL,25,'M','25 M',NULL,NULL,NULL,NULL,NULL,NULL,NULL,NULL,20),(150,10,NULL,26,'M','26 M',NULL,NULL,NULL,NULL,NULL,NULL,NULL,NULL,20),(151,10,NULL,27,'M','27 M',NULL,NULL,NULL,NULL,NULL,NULL,NULL,NULL,20),(152,10,NULL,28,'M','28 M',NULL,NULL,NULL,NULL,NULL,NULL,NULL,NULL,20),(153,10,NULL,29,'M','29 M',NULL,NULL,NULL,NULL,NULL,NULL,NULL,NULL,20),(154,10,NULL,30,'M','30 M',NULL,NULL,NULL,NULL,NULL,NULL,NULL,NULL,20),(155,10,NULL,31,'M','31 M',NULL,NULL,NULL,NULL,NULL,NULL,NULL,NULL,20),(156,10,NULL,32,'M','32 M',NULL,NULL,NULL,NULL,NULL,NULL,NULL,NULL,20),(157,10,NULL,33,'M','33 M',NULL,NULL,NULL,NULL,NULL,NULL,NULL,NULL,20),(158,11,NULL,1,'F','1 F',NULL,NULL,NULL,NULL,NULL,NULL,NULL,NULL,21),(159,11,NULL,2,'F','2 F',NULL,NULL,NULL,NULL,NULL,NULL,NULL,NULL,21),(160,11,NULL,3,'F','3 F',NULL,NULL,NULL,NULL,NULL,NULL,NULL,NULL,21),(161,11,NULL,4,'F','4 F',NULL,NULL,NULL,NULL,NULL,NULL,NULL,NULL,21),(162,11,NULL,5,'F','5 F',NULL,NULL,NULL,NULL,NULL,NULL,NULL,NULL,21),(163,11,NULL,6,'F','6 F',NULL,NULL,NULL,NULL,NULL,NULL,NULL,NULL,21),(164,11,NULL,7,'F','7 F',NULL,NULL,NULL,NULL,NULL,NULL,NULL,NULL,21),(165,11,NULL,1,'M','1 M',NULL,NULL,NULL,NULL,NULL,NULL,NULL,NULL,21),(166,11,NULL,2,'M','2 M',NULL,NULL,NULL,NULL,NULL,NULL,NULL,NULL,21),(167,11,NULL,3,'M','3 M',NULL,NULL,NULL,NULL,NULL,NULL,NULL,NULL,21),(168,11,NULL,4,'M','4 M',NULL,NULL,NULL,NULL,NULL,NULL,NULL,NULL,21),(169,11,NULL,5,'M','5 M',NULL,NULL,NULL,NULL,NULL,NULL,NULL,NULL,21),(170,11,NULL,6,'M','6 M',NULL,NULL,NULL,NULL,NULL,NULL,NULL,NULL,21),(171,11,NULL,7,'M','7 M',NULL,NULL,NULL,NULL,NULL,NULL,NULL,NULL,21),(172,11,NULL,8,'F','8 F',NULL,NULL,NULL,NULL,NULL,NULL,NULL,NULL,22),(173,11,NULL,9,'F','9 F',NULL,NULL,NULL,NULL,NULL,NULL,NULL,NULL,22),(174,11,NULL,10,'F','10 F',NULL,NULL,NULL,NULL,NULL,NULL,NULL,NULL,22),(175,11,NULL,11,'F','11 F',NULL,NULL,NULL,NULL,NULL,NULL,NULL,NULL,22),(176,11,NULL,12,'F','12 F',NULL,NULL,NULL,NULL,NULL,NULL,NULL,NULL,22),(177,11,NULL,13,'F','13 F',NULL,NULL,NULL,NULL,NULL,NULL,NULL,NULL,22),(178,11,NULL,8,'M','8 M',NULL,NULL,NULL,NULL,NULL,NULL,NULL,NULL,22),(179,11,NULL,9,'M','9 M',NULL,NULL,NULL,NULL,NULL,NULL,NULL,NULL,22),(180,11,NULL,10,'M','10 M',NULL,NULL,NULL,NULL,NULL,NULL,NULL,NULL,22),(181,11,NULL,11,'M','11 M',NULL,NULL,NULL,NULL,NULL,NULL,NULL,NULL,22),(182,11,NULL,12,'M','12 M',NULL,NULL,NULL,NULL,NULL,NULL,NULL,NULL,22),(183,11,NULL,13,'M','13 M',NULL,NULL,NULL,NULL,NULL,NULL,NULL,NULL,22),(184,11,NULL,14,'F','14 F',NULL,NULL,NULL,NULL,NULL,NULL,NULL,NULL,23),(185,11,NULL,15,'F','15 F',NULL,NULL,NULL,NULL,NULL,NULL,NULL,NULL,23),(186,11,NULL,16,'F','16 F',NULL,NULL,NULL,NULL,NULL,NULL,NULL,NULL,23),(187,11,NULL,17,'F','17 F',NULL,NULL,NULL,NULL,NULL,NULL,NULL,NULL,23),(188,11,NULL,18,'F','18 F',NULL,NULL,NULL,NULL,NULL,NULL,NULL,NULL,23),(189,11,NULL,14,'M','14 M',NULL,NULL,NULL,NULL,NULL,NULL,NULL,NULL,23),(190,11,NULL,15,'M','15 M',NULL,NULL,NULL,NULL,NULL,NULL,NULL,NULL,23),(191,11,NULL,16,'M','16 M',NULL,NULL,NULL,NULL,NULL,NULL,NULL,NULL,23),(192,11,NULL,17,'M','17 M',NULL,NULL,NULL,NULL,NULL,NULL,NULL,NULL,23),(193,11,NULL,18,'M','18 M',NULL,NULL,NULL,NULL,NULL,NULL,NULL,NULL,23),(194,11,NULL,19,'F','19 F',NULL,NULL,NULL,NULL,NULL,NULL,NULL,NULL,24),(195,11,NULL,20,'F','20 F',NULL,NULL,NULL,NULL,NULL,NULL,NULL,NULL,24),(196,11,NULL,21,'F','21 F',NULL,NULL,NULL,NULL,NULL,NULL,NULL,NULL,24),(197,11,NULL,22,'F','22 F',NULL,NULL,NULL,NULL,NULL,NULL,NULL,NULL,24),(198,11,NULL,23,'F','23 F',NULL,NULL,NULL,NULL,NULL,NULL,NULL,NULL,24),(199,11,NULL,24,'F','24 F',NULL,NULL,NULL,NULL,NULL,NULL,NULL,NULL,24),(200,11,NULL,25,'F','25 F',NULL,NULL,NULL,NULL,NULL,NULL,NULL,NULL,24),(201,11,NULL,19,'M','19 M',NULL,NULL,NULL,NULL,NULL,NULL,NULL,NULL,24),(202,11,NULL,20,'M','20 M',NULL,NULL,NULL,NULL,NULL,NULL,NULL,NULL,24),(203,11,NULL,21,'M','21 M',NULL,NULL,NULL,NULL,NULL,NULL,NULL,NULL,24),(204,11,NULL,22,'M','22 M',NULL,NULL,NULL,NULL,NULL,NULL,NULL,NULL,24),(205,11,NULL,23,'M','23 M',NULL,NULL,NULL,NULL,NULL,NULL,NULL,NULL,24),(206,11,NULL,24,'M','24 M',NULL,NULL,NULL,NULL,NULL,NULL,NULL,NULL,24),(207,11,NULL,25,'M','25 M',NULL,NULL,NULL,NULL,NULL,NULL,NULL,NULL,24),(208,11,NULL,26,'F','26 F',NULL,NULL,NULL,NULL,NULL,NULL,NULL,NULL,25),(209,11,NULL,27,'F','27 F',NULL,NULL,NULL,NULL,NULL,NULL,NULL,NULL,25),(210,11,NULL,28,'F','28 F',NULL,NULL,NULL,NULL,NULL,NULL,NULL,NULL,25),(211,11,NULL,29,'F','29 F',NULL,NULL,NULL,NULL,NULL,NULL,NULL,NULL,25),(212,11,NULL,30,'F','30 F',NULL,NULL,NULL,NULL,NULL,NULL,NULL,NULL,25),(213,11,NULL,31,'F','31 F',NULL,NULL,NULL,NULL,NULL,NULL,NULL,NULL,25),(214,11,NULL,26,'M','26 M',NULL,NULL,NULL,NULL,NULL,NULL,NULL,NULL,25),(215,11,NULL,27,'M','27 M',NULL,NULL,NULL,NULL,NULL,NULL,NULL,NULL,25),(216,11,NULL,28,'M','28 M',NULL,NULL,NULL,NULL,NULL,NULL,NULL,NULL,25),(217,11,NULL,29,'M','29 M',NULL,NULL,NULL,NULL,NULL,NULL,NULL,NULL,25),(218,11,NULL,30,'M','30 M',NULL,NULL,NULL,NULL,NULL,NULL,NULL,NULL,25),(219,11,NULL,31,'M','31 M',NULL,NULL,NULL,NULL,NULL,NULL,NULL,NULL,25),(220,11,NULL,32,'F','32 F',NULL,NULL,NULL,NULL,NULL,NULL,NULL,NULL,26),(221,11,NULL,33,'F','33 F',NULL,NULL,NULL,NULL,NULL,NULL,NULL,NULL,26),(222,11,NULL,34,'F','34 F',NULL,NULL,NULL,NULL,NULL,NULL,NULL,NULL,26),(223,11,NULL,35,'F','35 F',NULL,NULL,NULL,NULL,NULL,NULL,NULL,NULL,26),(224,11,NULL,32,'M','32 M',NULL,NULL,NULL,NULL,NULL,NULL,NULL,NULL,26),(225,11,NULL,33,'M','33 M',NULL,NULL,NULL,NULL,NULL,NULL,NULL,NULL,26),(226,11,NULL,34,'M','34 M',NULL,NULL,NULL,NULL,NULL,NULL,NULL,NULL,26),(227,11,NULL,35,'M','35 M',NULL,NULL,NULL,NULL,NULL,NULL,NULL,NULL,26),(228,11,NULL,36,'F','36 F',NULL,NULL,NULL,NULL,NULL,NULL,NULL,NULL,27),(229,11,NULL,37,'F','37 F',NULL,NULL,NULL,NULL,NULL,NULL,NULL,NULL,27),(230,11,NULL,38,'F','38 F',NULL,NULL,NULL,NULL,NULL,NULL,NULL,NULL,27),(231,11,NULL,39,'F','39 F',NULL,NULL,NULL,NULL,NULL,NULL,NULL,NULL,27),(232,11,NULL,36,'M','36 M',NULL,NULL,NULL,NULL,NULL,NULL,NULL,NULL,27),(233,11,NULL,37,'M','37 M',NULL,NULL,NULL,NULL,NULL,NULL,NULL,NULL,27),(234,11,NULL,40,'F','40 F',NULL,NULL,NULL,NULL,NULL,NULL,NULL,NULL,28),(235,11,NULL,41,'F','41 F',NULL,NULL,NULL,NULL,NULL,NULL,NULL,NULL,28),(236,11,NULL,38,'M','38 M',NULL,NULL,NULL,NULL,NULL,NULL,NULL,NULL,28),(237,11,NULL,39,'M','39 M',NULL,NULL,NULL,NULL,NULL,NULL,NULL,NULL,28),(238,11,NULL,42,'F','42 F',NULL,NULL,NULL,NULL,NULL,NULL,NULL,NULL,29),(239,11,NULL,43,'F','43 F',NULL,NULL,NULL,NULL,NULL,NULL,NULL,NULL,29),(240,11,NULL,44,'F','44 F',NULL,NULL,NULL,NULL,NULL,NULL,NULL,NULL,29),(241,11,NULL,45,'F','45 F',NULL,NULL,NULL,NULL,NULL,NULL,NULL,NULL,29),(242,11,NULL,40,'M','40 M',NULL,NULL,NULL,NULL,NULL,NULL,NULL,NULL,29),(243,11,NULL,41,'M','41 M',NULL,NULL,NULL,NULL,NULL,NULL,NULL,NULL,29),(244,11,NULL,42,'M','42 M',NULL,NULL,NULL,NULL,NULL,NULL,NULL,NULL,29),(245,11,NULL,46,'F','46 F',NULL,NULL,NULL,NULL,NULL,NULL,NULL,NULL,30),(246,11,NULL,47,'F','47 F',NULL,NULL,NULL,NULL,NULL,NULL,NULL,NULL,30),(247,11,NULL,48,'F','48 F',NULL,NULL,NULL,NULL,NULL,NULL,NULL,NULL,30),(248,11,NULL,49,'F','49 F',NULL,NULL,NULL,NULL,NULL,NULL,NULL,NULL,30),(249,11,NULL,43,'M','43 M',NULL,NULL,NULL,NULL,NULL,NULL,NULL,NULL,30),(250,11,NULL,44,'M','44 M',NULL,NULL,NULL,NULL,NULL,NULL,NULL,NULL,30),(251,11,NULL,45,'M','45 M',NULL,NULL,NULL,NULL,NULL,NULL,NULL,NULL,30),(252,11,NULL,50,'F','50 F',NULL,NULL,NULL,NULL,NULL,NULL,NULL,NULL,31),(253,11,NULL,51,'F','51 F',NULL,NULL,NULL,NULL,NULL,NULL,NULL,NULL,31),(254,11,NULL,46,'M','46 M',NULL,NULL,NULL,NULL,NULL,NULL,NULL,NULL,31),(255,11,NULL,52,'F','52 F',NULL,NULL,NULL,NULL,NULL,NULL,NULL,NULL,32),(256,11,NULL,53,'F','53 F',NULL,NULL,NULL,NULL,NULL,NULL,NULL,NULL,32),(257,11,NULL,54,'F','54 F',NULL,NULL,NULL,NULL,NULL,NULL,NULL,NULL,32),(258,11,NULL,55,'F','55 F',NULL,NULL,NULL,NULL,NULL,NULL,NULL,NULL,32),(259,11,NULL,47,'M','47 M',NULL,NULL,NULL,NULL,NULL,NULL,NULL,NULL,32),(260,11,NULL,48,'M','48 M',NULL,NULL,NULL,NULL,NULL,NULL,NULL,NULL,32),(261,11,NULL,49,'M','49 M',NULL,NULL,NULL,NULL,NULL,NULL,NULL,NULL,32),(262,11,NULL,50,'M','50 M',NULL,NULL,NULL,NULL,NULL,NULL,NULL,NULL,32),(263,12,NULL,1,'F','1 F',NULL,NULL,NULL,NULL,NULL,NULL,NULL,NULL,33),(264,12,NULL,2,'F','2 F',NULL,NULL,NULL,NULL,NULL,NULL,NULL,NULL,33),(265,12,NULL,1,'M','1 M',NULL,NULL,NULL,NULL,NULL,NULL,NULL,NULL,33),(266,12,NULL,2,'M','2 M',NULL,NULL,NULL,NULL,NULL,NULL,NULL,NULL,33),(267,13,NULL,1,'F','1 F',NULL,NULL,NULL,NULL,NULL,NULL,NULL,NULL,34),(268,13,NULL,2,'F','2 F',NULL,NULL,NULL,NULL,NULL,NULL,NULL,NULL,34),(269,13,NULL,3,'F','3 F',NULL,NULL,NULL,NULL,NULL,NULL,NULL,NULL,34),(270,13,NULL,4,'F','4 F',NULL,NULL,NULL,NULL,NULL,NULL,NULL,NULL,34),(271,13,NULL,5,'F','5 F',NULL,NULL,NULL,NULL,NULL,NULL,NULL,NULL,34),(272,13,NULL,6,'F','6 F',NULL,NULL,NULL,NULL,NULL,NULL,NULL,NULL,34),(273,13,NULL,1,'M','1 M',NULL,NULL,NULL,NULL,NULL,NULL,NULL,NULL,34),(274,13,NULL,2,'M','2 M',NULL,NULL,NULL,NULL,NULL,NULL,NULL,NULL,34),(275,13,NULL,3,'M','3 M',NULL,NULL,NULL,NULL,NULL,NULL,NULL,NULL,34),(276,13,NULL,4,'M','4 M',NULL,NULL,NULL,NULL,NULL,NULL,NULL,NULL,34),(277,13,NULL,5,'M','5 M',NULL,NULL,NULL,NULL,NULL,NULL,NULL,NULL,34),(278,13,NULL,6,'M','6 M',NULL,NULL,NULL,NULL,NULL,NULL,NULL,NULL,34),(279,14,NULL,1,'F','1 F',NULL,NULL,NULL,NULL,NULL,NULL,NULL,NULL,35),(280,14,NULL,2,'F','2 F',NULL,NULL,NULL,NULL,NULL,NULL,NULL,NULL,35),(281,14,NULL,3,'F','3 F',NULL,NULL,NULL,NULL,NULL,NULL,NULL,NULL,35),(282,14,NULL,4,'F','4 F',NULL,NULL,NULL,NULL,NULL,NULL,NULL,NULL,35),(283,14,NULL,1,'M','1 M',NULL,NULL,NULL,NULL,NULL,NULL,NULL,NULL,35),(284,14,NULL,2,'M','2 M',NULL,NULL,NULL,NULL,NULL,NULL,NULL,NULL,35),(285,14,NULL,3,'M','3 M',NULL,NULL,NULL,NULL,NULL,NULL,NULL,NULL,35),(286,14,NULL,4,'M','4 M',NULL,NULL,NULL,NULL,NULL,NULL,NULL,NULL,35),(287,14,NULL,5,'F','5 F',NULL,NULL,NULL,NULL,NULL,NULL,NULL,NULL,36),(288,14,NULL,6,'F','6 F',NULL,NULL,NULL,NULL,NULL,NULL,NULL,NULL,36),(289,14,NULL,7,'F','7 F',NULL,NULL,NULL,NULL,NULL,NULL,NULL,NULL,36),(290,14,NULL,5,'M','5 M',NULL,NULL,NULL,NULL,NULL,NULL,NULL,NULL,36),(291,14,NULL,6,'M','6 M',NULL,NULL,NULL,NULL,NULL,NULL,NULL,NULL,36),(292,14,NULL,7,'M','7 M',NULL,NULL,NULL,NULL,NULL,NULL,NULL,NULL,36),(293,14,NULL,8,'F','8 F',NULL,NULL,NULL,NULL,NULL,NULL,NULL,NULL,37),(294,14,NULL,9,'F','9 F',NULL,NULL,NULL,NULL,NULL,NULL,NULL,NULL,37),(295,14,NULL,10,'F','10 F',NULL,NULL,NULL,NULL,NULL,NULL,NULL,NULL,37),(296,14,NULL,11,'F','11 F',NULL,NULL,NULL,NULL,NULL,NULL,NULL,NULL,37),(297,14,NULL,12,'F','12 F',NULL,NULL,NULL,NULL,NULL,NULL,NULL,NULL,37),(298,14,NULL,13,'F','13 F',NULL,NULL,NULL,NULL,NULL,NULL,NULL,NULL,37),(299,14,NULL,14,'F','14 F',NULL,NULL,NULL,NULL,NULL,NULL,NULL,NULL,37),(300,14,NULL,15,'F','15 F',NULL,NULL,NULL,NULL,NULL,NULL,NULL,NULL,37),(301,14,NULL,8,'M','8 M',NULL,NULL,NULL,NULL,NULL,NULL,NULL,NULL,37),(302,14,NULL,9,'M','9 M',NULL,NULL,NULL,NULL,NULL,NULL,NULL,NULL,37),(303,14,NULL,10,'M','10 M',NULL,NULL,NULL,NULL,NULL,NULL,NULL,NULL,37),(304,14,NULL,11,'M','11 M',NULL,NULL,NULL,NULL,NULL,NULL,NULL,NULL,37),(305,14,NULL,12,'M','12 M',NULL,NULL,NULL,NULL,NULL,NULL,NULL,NULL,37),(306,14,NULL,13,'M','13 M',NULL,NULL,NULL,NULL,NULL,NULL,NULL,NULL,37),(307,14,NULL,14,'M','14 M',NULL,NULL,NULL,NULL,NULL,NULL,NULL,NULL,37),(308,14,NULL,15,'M','15 M',NULL,NULL,NULL,NULL,NULL,NULL,NULL,NULL,37),(309,14,NULL,16,'F','16 F',NULL,NULL,NULL,NULL,NULL,NULL,NULL,NULL,38),(310,14,NULL,17,'F','17 F',NULL,NULL,NULL,NULL,NULL,NULL,NULL,NULL,38),(311,14,NULL,18,'F','18 F',NULL,NULL,NULL,NULL,NULL,NULL,NULL,NULL,38),(312,14,NULL,19,'F','19 F',NULL,NULL,NULL,NULL,NULL,NULL,NULL,NULL,38),(313,14,NULL,20,'F','20 F',NULL,NULL,NULL,NULL,NULL,NULL,NULL,NULL,38),(314,14,NULL,21,'F','21 F',NULL,NULL,NULL,NULL,NULL,NULL,NULL,NULL,38),(315,14,NULL,22,'F','22 F',NULL,NULL,NULL,NULL,NULL,NULL,NULL,NULL,38),(316,14,NULL,16,'M','16 M',NULL,NULL,NULL,NULL,NULL,NULL,NULL,NULL,38),(317,14,NULL,17,'M','17 M',NULL,NULL,NULL,NULL,NULL,NULL,NULL,NULL,38),(318,14,NULL,18,'M','18 M',NULL,NULL,NULL,NULL,NULL,NULL,NULL,NULL,38),(319,14,NULL,19,'M','19 M',NULL,NULL,NULL,NULL,NULL,NULL,NULL,NULL,38),(320,14,NULL,20,'M','20 M',NULL,NULL,NULL,NULL,NULL,NULL,NULL,NULL,38),(321,14,NULL,21,'M','21 M',NULL,NULL,NULL,NULL,NULL,NULL,NULL,NULL,38),(322,14,NULL,22,'M','22 M',NULL,NULL,NULL,NULL,NULL,NULL,NULL,NULL,38),(323,14,NULL,23,'F','23 F',NULL,NULL,NULL,NULL,NULL,NULL,NULL,NULL,39),(324,14,NULL,24,'F','24 F',NULL,NULL,NULL,NULL,NULL,NULL,NULL,NULL,39),(325,14,NULL,25,'F','25 F',NULL,NULL,NULL,NULL,NULL,NULL,NULL,NULL,39),(326,14,NULL,26,'F','26 F',NULL,NULL,NULL,NULL,NULL,NULL,NULL,NULL,39),(327,14,NULL,27,'F','27 F',NULL,NULL,NULL,NULL,NULL,NULL,NULL,NULL,39),(328,14,NULL,28,'F','28 F',NULL,NULL,NULL,NULL,NULL,NULL,NULL,NULL,39),(329,14,NULL,29,'F','29 F',NULL,NULL,NULL,NULL,NULL,NULL,NULL,NULL,39),(330,14,NULL,23,'M','23 M',NULL,NULL,NULL,NULL,NULL,NULL,NULL,NULL,39),(331,14,NULL,24,'M','24 M',NULL,NULL,NULL,NULL,NULL,NULL,NULL,NULL,39),(332,14,NULL,25,'M','25 M',NULL,NULL,NULL,NULL,NULL,NULL,NULL,NULL,39),(333,14,NULL,26,'M','26 M',NULL,NULL,NULL,NULL,NULL,NULL,NULL,NULL,39),(334,14,NULL,27,'M','27 M',NULL,NULL,NULL,NULL,NULL,NULL,NULL,NULL,39),(335,14,NULL,28,'M','28 M',NULL,NULL,NULL,NULL,NULL,NULL,NULL,NULL,39),(336,14,NULL,29,'M','29 M',NULL,NULL,NULL,NULL,NULL,NULL,NULL,NULL,39),(337,14,NULL,30,'F','30 F',NULL,NULL,NULL,NULL,NULL,NULL,NULL,NULL,40),(338,14,NULL,31,'F','31 F',NULL,NULL,NULL,NULL,NULL,NULL,NULL,NULL,40),(339,14,NULL,32,'F','32 F',NULL,NULL,NULL,NULL,NULL,NULL,NULL,NULL,40),(340,14,NULL,33,'F','33 F',NULL,NULL,NULL,NULL,NULL,NULL,NULL,NULL,40),(341,14,NULL,30,'M','30 M',NULL,NULL,NULL,NULL,NULL,NULL,NULL,NULL,40),(342,14,NULL,31,'M','31 M',NULL,NULL,NULL,NULL,NULL,NULL,NULL,NULL,40),(343,14,NULL,32,'M','32 M',NULL,NULL,NULL,NULL,NULL,NULL,NULL,NULL,40),(344,14,NULL,33,'M','33 M',NULL,NULL,NULL,NULL,NULL,NULL,NULL,NULL,40),(345,14,NULL,34,'F','34 F',NULL,NULL,NULL,NULL,NULL,NULL,NULL,NULL,41),(346,14,NULL,35,'F','35 F',NULL,NULL,NULL,NULL,NULL,NULL,NULL,NULL,41),(347,14,NULL,36,'F','36 F',NULL,NULL,NULL,NULL,NULL,NULL,NULL,NULL,41),(348,14,NULL,37,'F','37 F',NULL,NULL,NULL,NULL,NULL,NULL,NULL,NULL,41),(349,14,NULL,38,'F','38 F',NULL,NULL,NULL,NULL,NULL,NULL,NULL,NULL,41),(350,14,NULL,34,'M','34 M',NULL,NULL,NULL,NULL,NULL,NULL,NULL,NULL,41),(351,14,NULL,35,'M','35 M',NULL,NULL,NULL,NULL,NULL,NULL,NULL,NULL,41),(352,14,NULL,36,'M','36 M',NULL,NULL,NULL,NULL,NULL,NULL,NULL,NULL,41),(353,14,NULL,37,'M','37 M',NULL,NULL,NULL,NULL,NULL,NULL,NULL,NULL,41),(354,14,NULL,38,'M','38 M',NULL,NULL,NULL,NULL,NULL,NULL,NULL,NULL,41),(355,14,NULL,39,'F','39 F',NULL,NULL,NULL,NULL,NULL,NULL,NULL,NULL,42),(356,14,NULL,40,'F','40 F',NULL,NULL,NULL,NULL,NULL,NULL,NULL,NULL,42),(357,14,NULL,41,'F','41 F',NULL,NULL,NULL,NULL,NULL,NULL,NULL,NULL,42),(358,14,NULL,42,'F','42 F',NULL,NULL,NULL,NULL,NULL,NULL,NULL,NULL,42),(359,14,NULL,43,'F','43 F',NULL,NULL,NULL,NULL,NULL,NULL,NULL,NULL,42),(360,14,NULL,39,'M','39 M',NULL,NULL,NULL,NULL,NULL,NULL,NULL,NULL,42),(361,14,NULL,40,'M','40 M',NULL,NULL,NULL,NULL,NULL,NULL,NULL,NULL,42),(362,14,NULL,41,'M','41 M',NULL,NULL,NULL,NULL,NULL,NULL,NULL,NULL,42),(363,14,NULL,42,'M','42 M',NULL,NULL,NULL,NULL,NULL,NULL,NULL,NULL,42),(364,14,NULL,43,'M','43 M',NULL,NULL,NULL,NULL,NULL,NULL,NULL,NULL,42),(365,14,NULL,44,'F','44 F',NULL,NULL,NULL,NULL,NULL,NULL,NULL,NULL,43),(366,14,NULL,45,'F','45 F',NULL,NULL,NULL,NULL,NULL,NULL,NULL,NULL,43),(367,14,NULL,46,'F','46 F',NULL,NULL,NULL,NULL,NULL,NULL,NULL,NULL,43),(368,14,NULL,47,'F','47 F',NULL,NULL,NULL,NULL,NULL,NULL,NULL,NULL,43),(369,14,NULL,48,'F','48 F',NULL,NULL,NULL,NULL,NULL,NULL,NULL,NULL,43),(370,14,NULL,49,'F','49 F',NULL,NULL,NULL,NULL,NULL,NULL,NULL,NULL,43),(371,14,NULL,44,'M','44 M',NULL,NULL,NULL,NULL,NULL,NULL,NULL,NULL,43),(372,14,NULL,45,'M','45 M',NULL,NULL,NULL,NULL,NULL,NULL,NULL,NULL,43),(373,14,NULL,46,'M','46 M',NULL,NULL,NULL,NULL,NULL,NULL,NULL,NULL,43),(374,14,NULL,50,'F','50 F',NULL,NULL,NULL,NULL,NULL,NULL,NULL,NULL,44),(375,14,NULL,51,'F','51 F',NULL,NULL,NULL,NULL,NULL,NULL,NULL,NULL,44),(376,14,NULL,52,'F','52 F',NULL,NULL,NULL,NULL,NULL,NULL,NULL,NULL,44),(377,14,NULL,47,'M','47 M',NULL,NULL,NULL,NULL,NULL,NULL,NULL,NULL,44),(378,14,NULL,48,'M','48 M',NULL,NULL,NULL,NULL,NULL,NULL,NULL,NULL,44),(379,14,NULL,53,'F','53 F',NULL,NULL,NULL,NULL,NULL,NULL,NULL,NULL,45),(380,14,NULL,54,'F','54 F',NULL,NULL,NULL,NULL,NULL,NULL,NULL,NULL,45),(381,14,NULL,55,'F','55 F',NULL,NULL,NULL,NULL,NULL,NULL,NULL,NULL,45),(382,14,NULL,56,'F','56 F',NULL,NULL,NULL,NULL,NULL,NULL,NULL,NULL,45),(383,14,NULL,57,'F','57 F',NULL,NULL,NULL,NULL,NULL,NULL,NULL,NULL,45),(384,14,NULL,49,'M','49 M',NULL,NULL,NULL,NULL,NULL,NULL,NULL,NULL,45),(385,14,NULL,50,'M','50 M',NULL,NULL,NULL,NULL,NULL,NULL,NULL,NULL,45),(386,14,NULL,51,'M','51 M',NULL,NULL,NULL,NULL,NULL,NULL,NULL,NULL,45),(387,14,NULL,52,'M','52 M',NULL,NULL,NULL,NULL,NULL,NULL,NULL,NULL,45),(388,14,NULL,58,'F','58 F',NULL,NULL,NULL,NULL,NULL,NULL,NULL,NULL,46),(389,14,NULL,59,'F','59 F',NULL,NULL,NULL,NULL,NULL,NULL,NULL,NULL,46),(390,14,NULL,60,'F','60 F',NULL,NULL,NULL,NULL,NULL,NULL,NULL,NULL,46),(391,14,NULL,61,'F','61 F',NULL,NULL,NULL,NULL,NULL,NULL,NULL,NULL,46),(392,14,NULL,62,'F','62 F',NULL,NULL,NULL,NULL,NULL,NULL,NULL,NULL,46),(393,14,NULL,53,'M','53 M',NULL,NULL,NULL,NULL,NULL,NULL,NULL,NULL,46),(394,14,NULL,54,'M','54 M',NULL,NULL,NULL,NULL,NULL,NULL,NULL,NULL,46),(395,14,NULL,55,'M','55 M',NULL,NULL,NULL,NULL,NULL,NULL,NULL,NULL,46),(396,14,NULL,56,'M','56 M',NULL,NULL,NULL,NULL,NULL,NULL,NULL,NULL,46),(397,14,NULL,57,'M','57 M',NULL,NULL,NULL,NULL,NULL,NULL,NULL,NULL,46),(398,14,NULL,63,'F','63 F',NULL,NULL,NULL,NULL,NULL,NULL,NULL,NULL,47),(399,14,NULL,64,'F','64 F',NULL,NULL,NULL,NULL,NULL,NULL,NULL,NULL,47),(400,14,NULL,58,'M','58 M',NULL,NULL,NULL,NULL,NULL,NULL,NULL,NULL,47),(401,14,NULL,59,'M','59 M',NULL,NULL,NULL,NULL,NULL,NULL,NULL,NULL,47),(402,14,NULL,65,'F','65 F',NULL,NULL,NULL,NULL,NULL,NULL,NULL,NULL,48),(403,14,NULL,66,'F','66 F',NULL,NULL,NULL,NULL,NULL,NULL,NULL,NULL,48),(404,14,NULL,67,'F','67 F',NULL,NULL,NULL,NULL,NULL,NULL,NULL,NULL,48),(405,14,NULL,68,'F','68 F',NULL,NULL,NULL,NULL,NULL,NULL,NULL,NULL,48),(406,14,NULL,60,'M','60 M',NULL,NULL,NULL,NULL,NULL,NULL,NULL,NULL,48),(407,14,NULL,61,'M','61 M',NULL,NULL,NULL,NULL,NULL,NULL,NULL,NULL,48),(408,14,NULL,62,'M','62 M',NULL,NULL,NULL,NULL,NULL,NULL,NULL,NULL,48),(409,14,NULL,63,'M','63 M',NULL,NULL,NULL,NULL,NULL,NULL,NULL,NULL,48),(410,15,NULL,1,'F','1 F',NULL,NULL,NULL,NULL,NULL,NULL,NULL,NULL,49),(411,15,NULL,1,'M','1 M',NULL,NULL,NULL,NULL,NULL,NULL,NULL,NULL,49),(412,16,NULL,1,'F','1 F',NULL,NULL,NULL,NULL,NULL,NULL,NULL,NULL,50),(413,16,NULL,2,'F','2 F',NULL,NULL,NULL,NULL,NULL,NULL,NULL,NULL,50),(414,16,NULL,1,'M','1 M',NULL,NULL,NULL,NULL,NULL,NULL,NULL,NULL,50),(415,16,NULL,2,'M','2 M',NULL,NULL,NULL,NULL,NULL,NULL,NULL,NULL,50),(416,16,NULL,3,'M','3 M',NULL,NULL,NULL,NULL,NULL,NULL,NULL,NULL,50),(417,16,NULL,3,'F','3 F',NULL,NULL,NULL,NULL,NULL,NULL,NULL,NULL,51),(418,16,NULL,4,'F','4 F',NULL,NULL,NULL,NULL,NULL,NULL,NULL,NULL,51),(419,16,NULL,5,'F','5 F',NULL,NULL,NULL,NULL,NULL,NULL,NULL,NULL,51),(420,16,NULL,6,'F','6 F',NULL,NULL,NULL,NULL,NULL,NULL,NULL,NULL,51),(421,16,NULL,7,'F','7 F',NULL,NULL,NULL,NULL,NULL,NULL,NULL,NULL,51),(422,16,NULL,8,'F','8 F',NULL,NULL,NULL,NULL,NULL,NULL,NULL,NULL,51),(423,16,NULL,9,'F','9 F',NULL,NULL,NULL,NULL,NULL,NULL,NULL,NULL,51),(424,16,NULL,4,'M','4 M',NULL,NULL,NULL,NULL,NULL,NULL,NULL,NULL,51),(425,16,NULL,5,'M','5 M',NULL,NULL,NULL,NULL,NULL,NULL,NULL,NULL,51),(426,16,NULL,6,'M','6 M',NULL,NULL,NULL,NULL,NULL,NULL,NULL,NULL,51),(427,16,NULL,7,'M','7 M',NULL,NULL,NULL,NULL,NULL,NULL,NULL,NULL,51),(428,16,NULL,8,'M','8 M',NULL,NULL,NULL,NULL,NULL,NULL,NULL,NULL,51),(429,16,NULL,9,'M','9 M',NULL,NULL,NULL,NULL,NULL,NULL,NULL,NULL,51),(430,16,NULL,10,'F','10 F',NULL,NULL,NULL,NULL,NULL,NULL,NULL,NULL,52),(431,16,NULL,11,'F','11 F',NULL,NULL,NULL,NULL,NULL,NULL,NULL,NULL,52),(432,16,NULL,10,'M','10 M',NULL,NULL,NULL,NULL,NULL,NULL,NULL,NULL,52),(433,16,NULL,11,'M','11 M',NULL,NULL,NULL,NULL,NULL,NULL,NULL,NULL,52),(434,16,NULL,12,'M','12 M',NULL,NULL,NULL,NULL,NULL,NULL,NULL,NULL,52),(435,16,NULL,12,'F','12 F',NULL,NULL,NULL,NULL,NULL,NULL,NULL,NULL,53),(436,16,NULL,13,'F','13 F',NULL,NULL,NULL,NULL,NULL,NULL,NULL,NULL,53),(437,16,NULL,13,'M','13 M',NULL,NULL,NULL,NULL,NULL,NULL,NULL,NULL,53),(438,16,NULL,14,'M','14 M',NULL,NULL,NULL,NULL,NULL,NULL,NULL,NULL,53),(439,17,NULL,1,'F','1 F',NULL,NULL,NULL,NULL,NULL,NULL,NULL,NULL,54),(440,17,NULL,2,'F','2 F',NULL,NULL,NULL,NULL,NULL,NULL,NULL,NULL,54),(441,17,NULL,3,'F','3 F',NULL,NULL,NULL,NULL,NULL,NULL,NULL,NULL,54),(442,17,NULL,4,'F','4 F',NULL,NULL,NULL,NULL,NULL,NULL,NULL,NULL,54),(443,17,NULL,5,'F','5 F',NULL,NULL,NULL,NULL,NULL,NULL,NULL,NULL,54),(444,17,NULL,6,'F','6 F',NULL,NULL,NULL,NULL,NULL,NULL,NULL,NULL,54),(445,17,NULL,7,'F','7 F',NULL,NULL,NULL,NULL,NULL,NULL,NULL,NULL,54),(446,17,NULL,1,'M','1 M',NULL,NULL,NULL,NULL,NULL,NULL,NULL,NULL,54),(447,17,NULL,2,'M','2 M',NULL,NULL,NULL,NULL,NULL,NULL,NULL,NULL,54),(448,17,NULL,3,'M','3 M',NULL,NULL,NULL,NULL,NULL,NULL,NULL,NULL,54),(449,17,NULL,4,'M','4 M',NULL,NULL,NULL,NULL,NULL,NULL,NULL,NULL,54),(450,17,NULL,5,'M','5 M',NULL,NULL,NULL,NULL,NULL,NULL,NULL,NULL,54),(451,17,NULL,6,'M','6 M',NULL,NULL,NULL,NULL,NULL,NULL,NULL,NULL,54),(452,17,NULL,7,'M','7 M',NULL,NULL,NULL,NULL,NULL,NULL,NULL,NULL,54),(453,17,NULL,8,'F','8 F',NULL,NULL,NULL,NULL,NULL,NULL,NULL,NULL,55),(454,17,NULL,9,'F','9 F',NULL,NULL,NULL,NULL,NULL,NULL,NULL,NULL,55),(455,17,NULL,10,'F','10 F',NULL,NULL,NULL,NULL,NULL,NULL,NULL,NULL,55),(456,17,NULL,11,'F','11 F',NULL,NULL,NULL,NULL,NULL,NULL,NULL,NULL,55),(457,17,NULL,12,'F','12 F',NULL,NULL,NULL,NULL,NULL,NULL,NULL,NULL,55),(458,17,NULL,13,'F','13 F',NULL,NULL,NULL,NULL,NULL,NULL,NULL,NULL,55),(459,17,NULL,14,'F','14 F',NULL,NULL,NULL,NULL,NULL,NULL,NULL,NULL,55),(460,17,NULL,8,'M','8 M',NULL,NULL,NULL,NULL,NULL,NULL,NULL,NULL,55),(461,17,NULL,9,'M','9 M',NULL,NULL,NULL,NULL,NULL,NULL,NULL,NULL,55),(462,17,NULL,10,'M','10 M',NULL,NULL,NULL,NULL,NULL,NULL,NULL,NULL,55),(463,17,NULL,11,'M','11 M',NULL,NULL,NULL,NULL,NULL,NULL,NULL,NULL,55),(464,17,NULL,12,'M','12 M',NULL,NULL,NULL,NULL,NULL,NULL,NULL,NULL,55),(465,17,NULL,13,'M','13 M',NULL,NULL,NULL,NULL,NULL,NULL,NULL,NULL,55),(466,18,NULL,1,'F','1 F',NULL,NULL,NULL,NULL,NULL,NULL,NULL,NULL,56),(467,18,NULL,2,'F','2 F',NULL,NULL,NULL,NULL,NULL,NULL,NULL,NULL,56),(468,18,NULL,3,'F','3 F',NULL,NULL,NULL,NULL,NULL,NULL,NULL,NULL,56),(469,18,NULL,4,'F','4 F',NULL,NULL,NULL,NULL,NULL,NULL,NULL,NULL,56),(470,18,NULL,5,'F','5 F',NULL,NULL,NULL,NULL,NULL,NULL,NULL,NULL,56),(471,18,NULL,1,'M','1 M',NULL,NULL,NULL,NULL,NULL,NULL,NULL,NULL,56),(472,18,NULL,2,'M','2 M',NULL,NULL,NULL,NULL,NULL,NULL,NULL,NULL,56),(473,18,NULL,3,'M','3 M',NULL,NULL,NULL,NULL,NULL,NULL,NULL,NULL,56),(474,18,NULL,4,'M','4 M',NULL,NULL,NULL,NULL,NULL,NULL,NULL,NULL,56),(475,18,NULL,5,'M','5 M',NULL,NULL,NULL,NULL,NULL,NULL,NULL,NULL,56),(476,18,NULL,6,'F','6 F',NULL,NULL,NULL,NULL,NULL,NULL,NULL,NULL,57),(477,18,NULL,7,'F','7 F',NULL,NULL,NULL,NULL,NULL,NULL,NULL,NULL,57),(478,18,NULL,8,'F','8 F',NULL,NULL,NULL,NULL,NULL,NULL,NULL,NULL,57),(479,18,NULL,9,'F','9 F',NULL,NULL,NULL,NULL,NULL,NULL,NULL,NULL,57),(480,18,NULL,10,'F','10 F',NULL,NULL,NULL,NULL,NULL,NULL,NULL,NULL,57),(481,18,NULL,6,'M','6 M',NULL,NULL,NULL,NULL,NULL,NULL,NULL,NULL,57),(482,18,NULL,7,'M','7 M',NULL,NULL,NULL,NULL,NULL,NULL,NULL,NULL,57),(483,18,NULL,8,'M','8 M',NULL,NULL,NULL,NULL,NULL,NULL,NULL,NULL,57),(484,19,NULL,1,'F','1 F',NULL,NULL,NULL,NULL,NULL,NULL,NULL,NULL,58),(485,19,NULL,2,'F','2 F',NULL,NULL,NULL,NULL,NULL,NULL,NULL,NULL,58),(486,19,NULL,1,'M','1 M',NULL,NULL,NULL,NULL,NULL,NULL,NULL,NULL,58),(487,20,NULL,1,'F','1 F',NULL,NULL,NULL,NULL,NULL,NULL,NULL,NULL,59),(488,20,NULL,2,'F','2 F',NULL,NULL,NULL,NULL,NULL,NULL,NULL,NULL,59),(489,20,NULL,3,'F','3 F',NULL,NULL,NULL,NULL,NULL,NULL,NULL,NULL,59),(490,20,NULL,4,'F','4 F',NULL,NULL,NULL,NULL,NULL,NULL,NULL,NULL,59),(491,20,NULL,1,'M','1 M',NULL,NULL,NULL,NULL,NULL,NULL,NULL,NULL,59),(492,20,NULL,2,'M','2 M',NULL,NULL,NULL,NULL,NULL,NULL,NULL,NULL,59),(493,20,NULL,3,'M','3 M',NULL,NULL,NULL,NULL,NULL,NULL,NULL,NULL,59),(494,21,NULL,1,'F','1 F',NULL,NULL,NULL,NULL,NULL,NULL,NULL,NULL,60),(495,21,NULL,2,'F','2 F',NULL,NULL,NULL,NULL,NULL,NULL,NULL,NULL,60),(496,21,NULL,3,'F','3 F',NULL,NULL,NULL,NULL,NULL,NULL,NULL,NULL,60),(497,21,NULL,4,'F','4 F',NULL,NULL,NULL,NULL,NULL,NULL,NULL,NULL,60),(498,21,NULL,1,'M','1 M',NULL,NULL,NULL,NULL,NULL,NULL,NULL,NULL,60),(499,21,NULL,2,'M','2 M',NULL,NULL,NULL,NULL,NULL,NULL,NULL,NULL,60),(500,21,NULL,3,'M','3 M',NULL,NULL,NULL,NULL,NULL,NULL,NULL,NULL,60),(501,21,NULL,4,'M','4 M',NULL,NULL,NULL,NULL,NULL,NULL,NULL,NULL,60),(502,22,NULL,1,'F','1 F',NULL,NULL,NULL,NULL,NULL,NULL,NULL,NULL,61),(503,22,NULL,1,'M','1 M',NULL,NULL,NULL,NULL,NULL,NULL,NULL,NULL,61),(504,23,NULL,1,'F','1 F',NULL,NULL,NULL,NULL,NULL,NULL,NULL,NULL,62),(505,23,NULL,2,'F','2 F',NULL,NULL,NULL,NULL,NULL,NULL,NULL,NULL,62),(506,23,NULL,3,'F','3 F',NULL,NULL,NULL,NULL,NULL,NULL,NULL,NULL,62),(507,23,NULL,1,'M','1 M',NULL,NULL,NULL,NULL,NULL,NULL,NULL,NULL,62),(508,23,NULL,2,'M','2 M',NULL,NULL,NULL,NULL,NULL,NULL,NULL,NULL,62),(509,23,NULL,3,'M','3 M',NULL,NULL,NULL,NULL,NULL,NULL,NULL,NULL,62),(510,23,NULL,4,'M','4 M',NULL,NULL,NULL,NULL,NULL,NULL,NULL,NULL,62),(511,24,NULL,1,'F','1 F',NULL,NULL,NULL,NULL,NULL,NULL,NULL,NULL,63),(512,24,NULL,1,'M','1 M',NULL,NULL,NULL,NULL,NULL,NULL,NULL,NULL,63),(513,25,NULL,1,'F','1 F',NULL,NULL,NULL,NULL,NULL,NULL,NULL,NULL,64),(514,25,NULL,1,'M','1 M',NULL,NULL,NULL,NULL,NULL,NULL,NULL,NULL,64),(515,26,NULL,1,'F','1 F',NULL,NULL,NULL,NULL,NULL,NULL,NULL,NULL,65),(516,26,NULL,1,'M','1 M',NULL,NULL,NULL,NULL,NULL,NULL,NULL,NULL,65),(517,27,NULL,1,'F','1 F',NULL,NULL,NULL,NULL,NULL,NULL,NULL,NULL,66),(518,27,NULL,1,'M','1 M',NULL,NULL,NULL,NULL,NULL,NULL,NULL,NULL,66),(519,28,NULL,1,'F','1 F',NULL,NULL,NULL,NULL,NULL,NULL,NULL,NULL,67),(520,28,NULL,2,'F','2 F',NULL,NULL,NULL,NULL,NULL,NULL,NULL,NULL,67),(521,28,NULL,3,'F','3 F',NULL,NULL,NULL,NULL,NULL,NULL,NULL,NULL,67),(522,28,NULL,1,'M','1 M',NULL,NULL,NULL,NULL,NULL,NULL,NULL,NULL,67),(523,28,NULL,2,'M','2 M',NULL,NULL,NULL,NULL,NULL,NULL,NULL,NULL,67),(524,28,NULL,3,'M','3 M',NULL,NULL,NULL,NULL,NULL,NULL,NULL,NULL,67),(525,28,NULL,4,'F','4 F',NULL,NULL,NULL,NULL,NULL,NULL,NULL,NULL,68),(526,28,NULL,5,'F','5 F',NULL,NULL,NULL,NULL,NULL,NULL,NULL,NULL,68),(527,28,NULL,4,'M','4 M',NULL,NULL,NULL,NULL,NULL,NULL,NULL,NULL,68),(528,28,NULL,5,'M','5 M',NULL,NULL,NULL,NULL,NULL,NULL,NULL,NULL,68),(529,29,NULL,1,'F','1 F',NULL,NULL,NULL,NULL,NULL,NULL,NULL,NULL,69),(530,29,NULL,1,'M','1 M',NULL,NULL,NULL,NULL,NULL,NULL,NULL,NULL,69),(531,30,NULL,1,'F','1 F',NULL,NULL,NULL,NULL,NULL,NULL,NULL,NULL,70),(532,30,NULL,1,'M','1 M',NULL,NULL,NULL,NULL,NULL,NULL,NULL,NULL,70),(533,31,NULL,1,'F','1 F',NULL,NULL,NULL,NULL,NULL,NULL,NULL,NULL,71),(534,31,NULL,2,'F','2 F',NULL,NULL,NULL,NULL,NULL,NULL,NULL,NULL,71),(535,31,NULL,3,'F','3 F',NULL,NULL,NULL,NULL,NULL,NULL,NULL,NULL,71),(536,31,NULL,1,'M','1 M',NULL,NULL,NULL,NULL,NULL,NULL,NULL,NULL,71),(537,31,NULL,2,'M','2 M',NULL,NULL,NULL,NULL,NULL,NULL,NULL,NULL,71),(538,31,NULL,3,'M','3 M',NULL,NULL,NULL,NULL,NULL,NULL,NULL,NULL,71),(539,31,NULL,4,'M','4 M',NULL,NULL,NULL,NULL,NULL,NULL,NULL,NULL,71),(540,31,NULL,4,'F','4 F',NULL,NULL,NULL,NULL,NULL,NULL,NULL,NULL,72),(541,31,NULL,5,'F','5 F',NULL,NULL,NULL,NULL,NULL,NULL,NULL,NULL,72),(542,31,NULL,6,'F','6 F',NULL,NULL,NULL,NULL,NULL,NULL,NULL,NULL,72),(543,31,NULL,5,'M','5 M',NULL,NULL,NULL,NULL,NULL,NULL,NULL,NULL,72),(544,31,NULL,6,'M','6 M',NULL,NULL,NULL,NULL,NULL,NULL,NULL,NULL,72),(545,32,NULL,1,'F','1 F',NULL,NULL,NULL,NULL,NULL,NULL,NULL,NULL,73),(546,32,NULL,2,'F','2 F',NULL,NULL,NULL,NULL,NULL,NULL,NULL,NULL,73),(547,32,NULL,3,'F','3 F',NULL,NULL,NULL,NULL,NULL,NULL,NULL,NULL,73),(548,32,NULL,4,'F','4 F',NULL,NULL,NULL,NULL,NULL,NULL,NULL,NULL,73),(549,32,NULL,5,'F','5 F',NULL,NULL,NULL,NULL,NULL,NULL,NULL,NULL,73),(550,32,NULL,1,'M','1 M',NULL,NULL,NULL,NULL,NULL,NULL,NULL,NULL,73),(551,32,NULL,2,'M','2 M',NULL,NULL,NULL,NULL,NULL,NULL,NULL,NULL,73),(552,32,NULL,3,'M','3 M',NULL,NULL,NULL,NULL,NULL,NULL,NULL,NULL,73),(553,32,NULL,4,'M','4 M',NULL,NULL,NULL,NULL,NULL,NULL,NULL,NULL,73),(554,32,NULL,6,'F','6 F',NULL,NULL,NULL,NULL,NULL,NULL,NULL,NULL,74),(555,32,NULL,7,'F','7 F',NULL,NULL,NULL,NULL,NULL,NULL,NULL,NULL,74),(556,32,NULL,5,'M','5 M',NULL,NULL,NULL,NULL,NULL,NULL,NULL,NULL,74),(557,32,NULL,6,'M','6 M',NULL,NULL,NULL,NULL,NULL,NULL,NULL,NULL,74),(558,32,NULL,7,'M','7 M',NULL,NULL,NULL,NULL,NULL,NULL,NULL,NULL,74),(559,33,NULL,1,'F','1 F',NULL,NULL,NULL,NULL,NULL,NULL,NULL,NULL,75),(560,33,NULL,1,'M','1 M',NULL,NULL,NULL,NULL,NULL,NULL,NULL,NULL,75),(561,34,NULL,1,'F','1 F',NULL,NULL,NULL,NULL,NULL,NULL,NULL,NULL,76),(562,34,NULL,2,'F','2 F',NULL,NULL,NULL,NULL,NULL,NULL,NULL,NULL,76),(563,34,NULL,3,'F','3 F',NULL,NULL,NULL,NULL,NULL,NULL,NULL,NULL,76),(564,34,NULL,4,'F','4 F',NULL,NULL,NULL,NULL,NULL,NULL,NULL,NULL,76),(565,34,NULL,1,'M','1 M',NULL,NULL,NULL,NULL,NULL,NULL,NULL,NULL,76),(566,34,NULL,2,'M','2 M',NULL,NULL,NULL,NULL,NULL,NULL,NULL,NULL,76),(567,34,NULL,3,'M','3 M',NULL,NULL,NULL,NULL,NULL,NULL,NULL,NULL,76),(568,34,NULL,4,'M','4 M',NULL,NULL,NULL,NULL,NULL,NULL,NULL,NULL,76),(569,34,NULL,5,'M','5 M',NULL,NULL,NULL,NULL,NULL,NULL,NULL,NULL,76),(570,34,NULL,5,'F','5 F',NULL,NULL,NULL,NULL,NULL,NULL,NULL,NULL,77),(571,34,NULL,6,'F','6 F',NULL,NULL,NULL,NULL,NULL,NULL,NULL,NULL,77),(572,34,NULL,7,'F','7 F',NULL,NULL,NULL,NULL,NULL,NULL,NULL,NULL,77),(573,34,NULL,8,'F','8 F',NULL,NULL,NULL,NULL,NULL,NULL,NULL,NULL,77),(574,34,NULL,6,'M','6 M',NULL,NULL,NULL,NULL,NULL,NULL,NULL,NULL,77),(575,34,NULL,7,'M','7 M',NULL,NULL,NULL,NULL,NULL,NULL,NULL,NULL,77),(576,34,NULL,8,'M','8 M',NULL,NULL,NULL,NULL,NULL,NULL,NULL,NULL,77),(577,34,NULL,9,'M','9 M',NULL,NULL,NULL,NULL,NULL,NULL,NULL,NULL,77),(578,35,NULL,1,'F','1 F',NULL,NULL,NULL,NULL,NULL,NULL,NULL,NULL,78),(579,35,NULL,1,'M','1 M',NULL,NULL,NULL,NULL,NULL,NULL,NULL,NULL,78),(580,36,NULL,1,'F','1 F',NULL,NULL,NULL,NULL,NULL,NULL,NULL,NULL,79),(581,36,NULL,2,'F','2 F',NULL,NULL,NULL,NULL,NULL,NULL,NULL,NULL,79),(582,36,NULL,1,'M','1 M',NULL,NULL,NULL,NULL,NULL,NULL,NULL,NULL,79),(583,36,NULL,2,'M','2 M',NULL,NULL,NULL,NULL,NULL,NULL,NULL,NULL,79),(584,37,NULL,1,'F','1 F',NULL,NULL,NULL,NULL,NULL,NULL,NULL,NULL,80),(585,37,NULL,2,'F','2 F',NULL,NULL,NULL,NULL,NULL,NULL,NULL,NULL,80),(586,37,NULL,3,'F','3 F',NULL,NULL,NULL,NULL,NULL,NULL,NULL,NULL,80),(587,37,NULL,1,'M','1 M',NULL,NULL,NULL,NULL,NULL,NULL,NULL,NULL,80),(588,37,NULL,2,'M','2 M',NULL,NULL,NULL,NULL,NULL,NULL,NULL,NULL,80),(589,37,NULL,3,'M','3 M',NULL,NULL,NULL,NULL,NULL,NULL,NULL,NULL,80),(590,38,NULL,1,'F','1 F',NULL,NULL,NULL,NULL,NULL,NULL,NULL,NULL,81),(591,38,NULL,1,'M','1 M',NULL,NULL,NULL,NULL,NULL,NULL,NULL,NULL,81),(592,39,NULL,1,'F','1 F',NULL,NULL,NULL,NULL,NULL,NULL,NULL,NULL,82),(593,39,NULL,2,'F','2 F',NULL,NULL,NULL,NULL,NULL,NULL,NULL,NULL,82),(594,39,NULL,3,'F','3 F',NULL,NULL,NULL,NULL,NULL,NULL,NULL,NULL,82),(595,39,NULL,4,'F','4 F',NULL,NULL,NULL,NULL,NULL,NULL,NULL,NULL,82),(596,39,NULL,5,'F','5 F',NULL,NULL,NULL,NULL,NULL,NULL,NULL,NULL,82),(597,39,NULL,6,'F','6 F',NULL,NULL,NULL,NULL,NULL,NULL,NULL,NULL,82),(598,39,NULL,1,'M','1 M',NULL,NULL,NULL,NULL,NULL,NULL,NULL,NULL,82),(599,39,NULL,2,'M','2 M',NULL,NULL,NULL,NULL,NULL,NULL,NULL,NULL,82),(600,39,NULL,3,'M','3 M',NULL,NULL,NULL,NULL,NULL,NULL,NULL,NULL,82),(601,39,NULL,4,'M','4 M',NULL,NULL,NULL,NULL,NULL,NULL,NULL,NULL,82),(602,39,NULL,5,'M','5 M',NULL,NULL,NULL,NULL,NULL,NULL,NULL,NULL,82),(603,39,NULL,6,'M','6 M',NULL,NULL,NULL,NULL,NULL,NULL,NULL,NULL,82),(604,39,NULL,7,'F','7 F',NULL,NULL,NULL,NULL,NULL,NULL,NULL,NULL,83),(605,39,NULL,8,'F','8 F',NULL,NULL,NULL,NULL,NULL,NULL,NULL,NULL,83),(606,39,NULL,9,'F','9 F',NULL,NULL,NULL,NULL,NULL,NULL,NULL,NULL,83),(607,39,NULL,10,'F','10 F',NULL,NULL,NULL,NULL,NULL,NULL,NULL,NULL,83),(608,39,NULL,11,'F','11 F',NULL,NULL,NULL,NULL,NULL,NULL,NULL,NULL,83),(609,39,NULL,12,'F','12 F',NULL,NULL,NULL,NULL,NULL,NULL,NULL,NULL,83),(610,39,NULL,7,'M','7 M',NULL,NULL,NULL,NULL,NULL,NULL,NULL,NULL,83),(611,39,NULL,8,'M','8 M',NULL,NULL,NULL,NULL,NULL,NULL,NULL,NULL,83),(612,39,NULL,9,'M','9 M',NULL,NULL,NULL,NULL,NULL,NULL,NULL,NULL,83),(613,39,NULL,10,'M','10 M',NULL,NULL,NULL,NULL,NULL,NULL,NULL,NULL,83),(614,39,NULL,11,'M','11 M',NULL,NULL,NULL,NULL,NULL,NULL,NULL,NULL,83),(615,39,NULL,12,'M','12 M',NULL,NULL,NULL,NULL,NULL,NULL,NULL,NULL,83),(616,40,NULL,1,'F','1 F',NULL,NULL,NULL,NULL,NULL,NULL,NULL,NULL,84),(617,40,NULL,1,'M','1 M',NULL,NULL,NULL,NULL,NULL,NULL,NULL,NULL,84),(618,41,NULL,1,'F','1 F',NULL,NULL,NULL,NULL,NULL,NULL,NULL,NULL,85),(619,41,NULL,1,'M','1 M',NULL,NULL,NULL,NULL,NULL,NULL,NULL,NULL,85),(620,42,NULL,1,'F','1 F',NULL,NULL,NULL,NULL,NULL,NULL,NULL,NULL,86),(621,42,NULL,1,'M','1 M',NULL,NULL,NULL,NULL,NULL,NULL,NULL,NULL,86),(622,43,NULL,1,'F','1 F',NULL,NULL,NULL,NULL,NULL,NULL,NULL,NULL,87),(623,43,NULL,1,'M','1 M',NULL,NULL,NULL,NULL,NULL,NULL,NULL,NULL,87),(624,44,NULL,1,'F','1 F',NULL,NULL,NULL,NULL,NULL,NULL,NULL,NULL,88),(625,44,NULL,2,'F','2 F',NULL,NULL,NULL,NULL,NULL,NULL,NULL,NULL,88),(626,44,NULL,1,'M','1 M',NULL,NULL,NULL,NULL,NULL,NULL,NULL,NULL,88),(627,44,NULL,2,'M','2 M',NULL,NULL,NULL,NULL,NULL,NULL,NULL,NULL,88),(628,45,NULL,1,'F','1 F',NULL,NULL,NULL,NULL,NULL,NULL,NULL,NULL,89),(629,45,NULL,1,'M','1 M',NULL,NULL,NULL,NULL,NULL,NULL,NULL,NULL,89),(630,46,NULL,1,'F','1 F',NULL,NULL,NULL,NULL,NULL,NULL,NULL,NULL,90),(631,46,NULL,2,'F','2 F',NULL,NULL,NULL,NULL,NULL,NULL,NULL,NULL,90),(632,46,NULL,3,'F','3 F',NULL,NULL,NULL,NULL,NULL,NULL,NULL,NULL,90),(633,46,NULL,1,'M','1 M',NULL,NULL,NULL,NULL,NULL,NULL,NULL,NULL,90),(634,46,NULL,2,'M','2 M',NULL,NULL,NULL,NULL,NULL,NULL,NULL,NULL,90),(635,46,NULL,3,'M','3 M',NULL,NULL,NULL,NULL,NULL,NULL,NULL,NULL,90),(636,46,NULL,4,'M','4 M',NULL,NULL,NULL,NULL,NULL,NULL,NULL,NULL,90),(637,47,NULL,1,'F','1 F',NULL,NULL,NULL,NULL,NULL,NULL,NULL,NULL,91),(638,47,NULL,1,'M','1 M',NULL,NULL,NULL,NULL,NULL,NULL,NULL,NULL,91),(639,48,NULL,1,'F','1 F',NULL,NULL,NULL,NULL,NULL,NULL,NULL,NULL,92),(640,48,NULL,1,'M','1 M',NULL,NULL,NULL,NULL,NULL,NULL,NULL,NULL,92),(641,49,NULL,1,'F','1 F',NULL,NULL,NULL,NULL,NULL,NULL,NULL,NULL,93),(642,49,NULL,2,'F','2 F',NULL,NULL,NULL,NULL,NULL,NULL,NULL,NULL,93),(643,49,NULL,3,'F','3 F',NULL,NULL,NULL,NULL,NULL,NULL,NULL,NULL,93),(644,49,NULL,1,'M','1 M',NULL,NULL,NULL,NULL,NULL,NULL,NULL,NULL,93),(645,49,NULL,2,'M','2 M',NULL,NULL,NULL,NULL,NULL,NULL,NULL,NULL,93),(646,50,NULL,1,'F','1 F',NULL,NULL,NULL,NULL,NULL,NULL,NULL,NULL,94),(647,50,NULL,1,'M','1 M',NULL,NULL,NULL,NULL,NULL,NULL,NULL,NULL,94),(648,51,NULL,1,'F','1 F',NULL,NULL,NULL,NULL,NULL,NULL,NULL,NULL,95),(649,51,NULL,2,'F','2 F',NULL,NULL,NULL,NULL,NULL,NULL,NULL,NULL,95),(650,51,NULL,1,'M','1 M',NULL,NULL,NULL,NULL,NULL,NULL,NULL,NULL,95),(651,51,NULL,2,'M','2 M',NULL,NULL,NULL,NULL,NULL,NULL,NULL,NULL,95),(652,51,NULL,3,'M','3 M',NULL,NULL,NULL,NULL,NULL,NULL,NULL,NULL,95),(653,52,NULL,1,'F','1 F',NULL,NULL,NULL,NULL,NULL,NULL,NULL,NULL,96),(654,52,NULL,1,'M','1 M',NULL,NULL,NULL,NULL,NULL,NULL,NULL,NULL,96),(655,53,NULL,1,'F','1 F',NULL,NULL,NULL,NULL,NULL,NULL,NULL,NULL,97),(656,53,NULL,2,'F','2 F',NULL,NULL,NULL,NULL,NULL,NULL,NULL,NULL,97),(657,53,NULL,1,'M','1 M',NULL,NULL,NULL,NULL,NULL,NULL,NULL,NULL,97),(658,53,NULL,2,'M','2 M',NULL,NULL,NULL,NULL,NULL,NULL,NULL,NULL,97),(659,54,NULL,1,'F','1 F',NULL,NULL,NULL,NULL,NULL,NULL,NULL,NULL,98),(660,54,NULL,1,'M','1 M',NULL,NULL,NULL,NULL,NULL,NULL,NULL,NULL,98),(661,55,NULL,1,'F','1 F',NULL,NULL,NULL,NULL,NULL,NULL,NULL,NULL,99),(662,55,NULL,2,'F','2 F',NULL,NULL,NULL,NULL,NULL,NULL,NULL,NULL,99),(663,55,NULL,3,'F','3 F',NULL,NULL,NULL,NULL,NULL,NULL,NULL,NULL,99),(664,55,NULL,1,'M','1 M',NULL,NULL,NULL,NULL,NULL,NULL,NULL,NULL,99),(665,55,NULL,2,'M','2 M',NULL,NULL,NULL,NULL,NULL,NULL,NULL,NULL,99),(666,55,NULL,3,'M','3 M',NULL,NULL,NULL,NULL,NULL,NULL,NULL,NULL,99),(667,55,NULL,4,'M','4 M',NULL,NULL,NULL,NULL,NULL,NULL,NULL,NULL,99),(668,56,NULL,1,'F','1 F',NULL,NULL,NULL,NULL,NULL,NULL,NULL,NULL,100),(669,56,NULL,1,'M','1 M',NULL,NULL,NULL,NULL,NULL,NULL,NULL,NULL,100),(670,57,NULL,1,'F','1 F',NULL,NULL,NULL,NULL,NULL,NULL,NULL,NULL,101),(671,57,NULL,1,'M','1 M',NULL,NULL,NULL,NULL,NULL,NULL,NULL,NULL,101),(672,58,NULL,1,'F','1 F',NULL,NULL,NULL,NULL,NULL,NULL,NULL,NULL,102),(673,58,NULL,1,'M','1 M',NULL,NULL,NULL,NULL,NULL,NULL,NULL,NULL,102),(674,59,NULL,1,'F','1 F',NULL,NULL,NULL,NULL,NULL,NULL,NULL,NULL,103),(675,59,NULL,1,'M','1 M',NULL,NULL,NULL,NULL,NULL,NULL,NULL,NULL,103),(676,60,NULL,1,'F','1 F',NULL,NULL,NULL,NULL,NULL,NULL,NULL,NULL,104),(677,60,NULL,1,'M','1 M',NULL,NULL,NULL,NULL,NULL,NULL,NULL,NULL,104),(678,61,NULL,1,'F','1 F',NULL,NULL,NULL,NULL,NULL,NULL,NULL,NULL,105),(679,61,NULL,1,'M','1 M',NULL,NULL,NULL,NULL,NULL,NULL,NULL,NULL,105),(680,62,NULL,1,'F','1 F',NULL,NULL,NULL,NULL,NULL,NULL,NULL,NULL,106),(681,62,NULL,1,'M','1 M',NULL,NULL,NULL,NULL,NULL,NULL,NULL,NULL,106),(682,63,NULL,1,'F','1 F',NULL,NULL,NULL,NULL,NULL,NULL,NULL,NULL,107),(683,63,NULL,1,'M','1 M',NULL,NULL,NULL,NULL,NULL,NULL,NULL,NULL,107),(684,64,NULL,1,'F','1 F',NULL,NULL,NULL,NULL,NULL,NULL,NULL,NULL,108),(685,64,NULL,1,'M','1 M',NULL,NULL,NULL,NULL,NULL,NULL,NULL,NULL,108),(686,65,NULL,1,'F','1 F',NULL,NULL,NULL,NULL,NULL,NULL,NULL,NULL,109),(687,65,NULL,1,'M','1 M',NULL,NULL,NULL,NULL,NULL,NULL,NULL,NULL,109),(688,66,NULL,1,'F','1 F',NULL,NULL,NULL,NULL,NULL,NULL,NULL,NULL,110),(689,66,NULL,2,'F','2 F',NULL,NULL,NULL,NULL,NULL,NULL,NULL,NULL,110),(690,66,NULL,1,'M','1 M',NULL,NULL,NULL,NULL,NULL,NULL,NULL,NULL,110),(691,66,NULL,2,'M','2 M',NULL,NULL,NULL,NULL,NULL,NULL,NULL,NULL,110),(692,67,NULL,1,'F','1 F',NULL,NULL,NULL,NULL,NULL,NULL,NULL,NULL,111),(693,67,NULL,2,'F','2 F',NULL,NULL,NULL,NULL,NULL,NULL,NULL,NULL,111),(694,67,NULL,3,'F','3 F',NULL,NULL,NULL,NULL,NULL,NULL,NULL,NULL,111),(695,67,NULL,1,'M','1 M',NULL,NULL,NULL,NULL,NULL,NULL,NULL,NULL,111),(696,67,NULL,2,'M','2 M',NULL,NULL,NULL,NULL,NULL,NULL,NULL,NULL,111),(697,67,NULL,3,'M','3 M',NULL,NULL,NULL,NULL,NULL,NULL,NULL,NULL,111),(698,67,NULL,4,'M','4 M',NULL,NULL,NULL,NULL,NULL,NULL,NULL,NULL,111),(699,67,NULL,4,'F','4 F',NULL,NULL,NULL,NULL,NULL,NULL,NULL,NULL,112),(700,67,NULL,5,'F','5 F',NULL,NULL,NULL,NULL,NULL,NULL,NULL,NULL,112),(701,67,NULL,5,'M','5 M',NULL,NULL,NULL,NULL,NULL,NULL,NULL,NULL,112),(702,67,NULL,6,'M','6 M',NULL,NULL,NULL,NULL,NULL,NULL,NULL,NULL,112),(703,67,NULL,6,'F','6 F',NULL,NULL,NULL,NULL,NULL,NULL,NULL,NULL,113),(704,67,NULL,7,'F','7 F',NULL,NULL,NULL,NULL,NULL,NULL,NULL,NULL,113),(705,67,NULL,8,'F','8 F',NULL,NULL,NULL,NULL,NULL,NULL,NULL,NULL,113),(706,67,NULL,9,'F','9 F',NULL,NULL,NULL,NULL,NULL,NULL,NULL,NULL,113),(707,67,NULL,7,'M','7 M',NULL,NULL,NULL,NULL,NULL,NULL,NULL,NULL,113),(708,67,NULL,8,'M','8 M',NULL,NULL,NULL,NULL,NULL,NULL,NULL,NULL,113),(709,67,NULL,9,'M','9 M',NULL,NULL,NULL,NULL,NULL,NULL,NULL,NULL,113),(710,68,NULL,1,'F','1 F',NULL,NULL,NULL,NULL,NULL,NULL,NULL,NULL,114),(711,68,NULL,1,'M','1 M',NULL,NULL,NULL,NULL,NULL,NULL,NULL,NULL,114),(712,69,NULL,1,'F','1 F',NULL,NULL,NULL,NULL,NULL,NULL,NULL,NULL,115),(713,69,NULL,1,'M','1 M',NULL,NULL,NULL,NULL,NULL,NULL,NULL,NULL,115),(714,70,NULL,1,'F','1 F',NULL,NULL,NULL,NULL,NULL,NULL,NULL,NULL,116),(715,70,NULL,2,'F','2 F',NULL,NULL,NULL,NULL,NULL,NULL,NULL,NULL,116),(716,70,NULL,1,'M','1 M',NULL,NULL,NULL,NULL,NULL,NULL,NULL,NULL,116),(717,70,NULL,2,'M','2 M',NULL,NULL,NULL,NULL,NULL,NULL,NULL,NULL,116),(718,71,NULL,1,'F','1 F',NULL,NULL,NULL,NULL,NULL,NULL,NULL,NULL,117),(719,71,NULL,1,'M','1 M',NULL,NULL,NULL,NULL,NULL,NULL,NULL,NULL,117),(720,72,NULL,1,'F','1 F',NULL,NULL,NULL,NULL,NULL,NULL,NULL,NULL,118),(721,72,NULL,2,'F','2 F',NULL,NULL,NULL,NULL,NULL,NULL,NULL,NULL,118),(722,72,NULL,1,'M','1 M',NULL,NULL,NULL,NULL,NULL,NULL,NULL,NULL,118),(723,72,NULL,2,'M','2 M',NULL,NULL,NULL,NULL,NULL,NULL,NULL,NULL,118),(724,73,NULL,1,'F','1 F',NULL,NULL,NULL,NULL,NULL,NULL,NULL,NULL,119),(725,73,NULL,1,'M','1 M',NULL,NULL,NULL,NULL,NULL,NULL,NULL,NULL,119),(726,74,NULL,1,'F','1 F',NULL,NULL,NULL,NULL,NULL,NULL,NULL,NULL,120),(727,74,NULL,1,'M','1 M',NULL,NULL,NULL,NULL,NULL,NULL,NULL,NULL,120),(728,75,NULL,1,'F','1 F',NULL,NULL,NULL,NULL,NULL,NULL,NULL,NULL,121),(729,75,NULL,2,'F','2 F',NULL,NULL,NULL,NULL,NULL,NULL,NULL,NULL,121),(730,75,NULL,1,'M','1 M',NULL,NULL,NULL,NULL,NULL,NULL,NULL,NULL,121),(731,75,NULL,2,'M','2 M',NULL,NULL,NULL,NULL,NULL,NULL,NULL,NULL,121),(732,76,NULL,1,'F','1 F',NULL,NULL,NULL,NULL,NULL,NULL,NULL,NULL,122),(733,76,NULL,2,'F','2 F',NULL,NULL,NULL,NULL,NULL,NULL,NULL,NULL,122),(734,76,NULL,3,'F','3 F',NULL,NULL,NULL,NULL,NULL,NULL,NULL,NULL,122),(735,76,NULL,1,'M','1 M',NULL,NULL,NULL,NULL,NULL,NULL,NULL,NULL,122),(736,76,NULL,2,'M','2 M',NULL,NULL,NULL,NULL,NULL,NULL,NULL,NULL,122),(737,76,NULL,3,'M','3 M',NULL,NULL,NULL,NULL,NULL,NULL,NULL,NULL,122),(738,77,NULL,1,'F','1 F',NULL,NULL,NULL,NULL,NULL,NULL,NULL,NULL,123),(739,77,NULL,1,'M','1 M',NULL,NULL,NULL,NULL,NULL,NULL,NULL,NULL,123),(740,78,NULL,1,'F','1 F',NULL,NULL,NULL,NULL,NULL,NULL,NULL,NULL,124),(741,78,NULL,2,'F','2 F',NULL,NULL,NULL,NULL,NULL,NULL,NULL,NULL,124),(742,78,NULL,3,'F','3 F',NULL,NULL,NULL,NULL,NULL,NULL,NULL,NULL,124),(743,78,NULL,1,'M','1 M',NULL,NULL,NULL,NULL,NULL,NULL,NULL,NULL,124),(744,78,NULL,2,'M','2 M',NULL,NULL,NULL,NULL,NULL,NULL,NULL,NULL,124),(745,78,NULL,3,'M','3 M',NULL,NULL,NULL,NULL,NULL,NULL,NULL,NULL,124),(746,78,NULL,4,'M','4 M',NULL,NULL,NULL,NULL,NULL,NULL,NULL,NULL,124),(747,79,NULL,1,'F','1 F',NULL,NULL,NULL,NULL,NULL,NULL,NULL,NULL,125),(748,79,NULL,1,'M','1 M',NULL,NULL,NULL,NULL,NULL,NULL,NULL,NULL,125),(749,80,NULL,1,'F','1 F',NULL,NULL,NULL,NULL,NULL,NULL,NULL,NULL,126),(750,80,NULL,1,'M','1 M',NULL,NULL,NULL,NULL,NULL,NULL,NULL,NULL,126),(751,81,NULL,1,'F','1 F',NULL,NULL,NULL,NULL,NULL,NULL,NULL,NULL,127),(752,81,NULL,1,'M','1 M',NULL,NULL,NULL,NULL,NULL,NULL,NULL,NULL,127),(753,82,NULL,1,'F','1 F',NULL,NULL,NULL,NULL,NULL,NULL,NULL,NULL,128),(754,82,NULL,1,'M','1 M',NULL,NULL,NULL,NULL,NULL,NULL,NULL,NULL,128),(755,83,NULL,1,'F','1 F',NULL,NULL,NULL,NULL,NULL,NULL,NULL,NULL,129),(756,83,NULL,2,'F','2 F',NULL,NULL,NULL,NULL,NULL,NULL,NULL,NULL,129),(757,83,NULL,3,'F','3 F',NULL,NULL,NULL,NULL,NULL,NULL,NULL,NULL,129),(758,83,NULL,4,'F','4 F',NULL,NULL,NULL,NULL,NULL,NULL,NULL,NULL,129),(759,83,NULL,5,'F','5 F',NULL,NULL,NULL,NULL,NULL,NULL,NULL,NULL,129),(760,83,NULL,1,'M','1 M',NULL,NULL,NULL,NULL,NULL,NULL,NULL,NULL,129),(761,83,NULL,2,'M','2 M',NULL,NULL,NULL,NULL,NULL,NULL,NULL,NULL,129),(762,83,NULL,3,'M','3 M',NULL,NULL,NULL,NULL,NULL,NULL,NULL,NULL,129),(763,83,NULL,4,'M','4 M',NULL,NULL,NULL,NULL,NULL,NULL,NULL,NULL,129),(764,83,NULL,5,'M','5 M',NULL,NULL,NULL,NULL,NULL,NULL,NULL,NULL,129),(765,83,NULL,6,'M','6 M',NULL,NULL,NULL,NULL,NULL,NULL,NULL,NULL,129),(766,84,NULL,1,'F','1 F',NULL,NULL,NULL,NULL,NULL,NULL,NULL,NULL,130),(767,84,NULL,2,'F','2 F',NULL,NULL,NULL,NULL,NULL,NULL,NULL,NULL,130),(768,84,NULL,3,'F','3 F',NULL,NULL,NULL,NULL,NULL,NULL,NULL,NULL,130),(769,84,NULL,1,'M','1 M',NULL,NULL,NULL,NULL,NULL,NULL,NULL,NULL,130),(770,84,NULL,2,'M','2 M',NULL,NULL,NULL,NULL,NULL,NULL,NULL,NULL,130),(771,84,NULL,3,'M','3 M',NULL,NULL,NULL,NULL,NULL,NULL,NULL,NULL,130),(772,84,NULL,4,'F','4 F',NULL,NULL,NULL,NULL,NULL,NULL,NULL,NULL,131),(773,84,NULL,5,'F','5 F',NULL,NULL,NULL,NULL,NULL,NULL,NULL,NULL,131),(774,84,NULL,6,'F','6 F',NULL,NULL,NULL,NULL,NULL,NULL,NULL,NULL,131),(775,84,NULL,4,'M','4 M',NULL,NULL,NULL,NULL,NULL,NULL,NULL,NULL,131),(776,84,NULL,5,'M','5 M',NULL,NULL,NULL,NULL,NULL,NULL,NULL,NULL,131),(777,84,NULL,6,'M','6 M',NULL,NULL,NULL,NULL,NULL,NULL,NULL,NULL,131),(778,84,NULL,7,'M','7 M',NULL,NULL,NULL,NULL,NULL,NULL,NULL,NULL,131),(779,84,NULL,7,'F','7 F',NULL,NULL,NULL,NULL,NULL,NULL,NULL,NULL,132),(780,84,NULL,8,'F','8 F',NULL,NULL,NULL,NULL,NULL,NULL,NULL,NULL,132),(781,84,NULL,9,'F','9 F',NULL,NULL,NULL,NULL,NULL,NULL,NULL,NULL,132),(782,84,NULL,8,'M','8 M',NULL,NULL,NULL,NULL,NULL,NULL,NULL,NULL,132),(783,84,NULL,9,'M','9 M',NULL,NULL,NULL,NULL,NULL,NULL,NULL,NULL,132),(784,84,NULL,10,'M','10 M',NULL,NULL,NULL,NULL,NULL,NULL,NULL,NULL,132),(785,84,NULL,11,'M','11 M',NULL,NULL,NULL,NULL,NULL,NULL,NULL,NULL,132),(786,84,NULL,10,'F','10 F',NULL,NULL,NULL,NULL,NULL,NULL,NULL,NULL,133),(787,84,NULL,11,'F','11 F',NULL,NULL,NULL,NULL,NULL,NULL,NULL,NULL,133),(788,84,NULL,12,'F','12 F',NULL,NULL,NULL,NULL,NULL,NULL,NULL,NULL,133),(789,84,NULL,12,'M','12 M',NULL,NULL,NULL,NULL,NULL,NULL,NULL,NULL,133),(790,84,NULL,13,'M','13 M',NULL,NULL,NULL,NULL,NULL,NULL,NULL,NULL,133),(791,84,NULL,14,'M','14 M',NULL,NULL,NULL,NULL,NULL,NULL,NULL,NULL,133),(792,85,NULL,1,'F','1 F',NULL,NULL,NULL,NULL,NULL,NULL,NULL,NULL,134),(793,85,NULL,1,'M','1 M',NULL,NULL,NULL,NULL,NULL,NULL,NULL,NULL,134),(794,86,NULL,1,'F','1 F',NULL,NULL,NULL,NULL,NULL,NULL,NULL,NULL,135),(795,86,NULL,1,'M','1 M',NULL,NULL,NULL,NULL,NULL,NULL,NULL,NULL,135),(796,87,NULL,1,'F','1 F',NULL,NULL,NULL,NULL,NULL,NULL,NULL,NULL,136),(797,87,NULL,2,'F','2 F',NULL,NULL,NULL,NULL,NULL,NULL,NULL,NULL,136),(798,87,NULL,3,'F','3 F',NULL,NULL,NULL,NULL,NULL,NULL,NULL,NULL,136),(799,87,NULL,4,'F','4 F',NULL,NULL,NULL,NULL,NULL,NULL,NULL,NULL,136),(800,87,NULL,1,'M','1 M',NULL,NULL,NULL,NULL,NULL,NULL,NULL,NULL,136),(801,87,NULL,2,'M','2 M',NULL,NULL,NULL,NULL,NULL,NULL,NULL,NULL,136),(802,87,NULL,3,'M','3 M',NULL,NULL,NULL,NULL,NULL,NULL,NULL,NULL,136),(803,87,NULL,4,'M','4 M',NULL,NULL,NULL,NULL,NULL,NULL,NULL,NULL,136),(804,87,NULL,5,'M','5 M',NULL,NULL,NULL,NULL,NULL,NULL,NULL,NULL,136),(805,88,NULL,1,'F','1 F',NULL,NULL,NULL,NULL,NULL,NULL,NULL,NULL,137),(806,88,NULL,1,'M','1 M',NULL,NULL,NULL,NULL,NULL,NULL,NULL,NULL,137),(807,89,NULL,1,'F','1 F',NULL,NULL,NULL,NULL,NULL,NULL,NULL,NULL,138),(808,89,NULL,2,'F','2 F',NULL,NULL,NULL,NULL,NULL,NULL,NULL,NULL,138),(809,89,NULL,1,'M','1 M',NULL,NULL,NULL,NULL,NULL,NULL,NULL,NULL,138),(810,89,NULL,2,'M','2 M',NULL,NULL,NULL,NULL,NULL,NULL,NULL,NULL,138),(811,90,NULL,1,'F','1 F',NULL,NULL,NULL,NULL,NULL,NULL,NULL,NULL,139),(812,90,NULL,2,'F','2 F',NULL,NULL,NULL,NULL,NULL,NULL,NULL,NULL,139),(813,90,NULL,1,'M','1 M',NULL,NULL,NULL,NULL,NULL,NULL,NULL,NULL,139),(814,90,NULL,2,'M','2 M',NULL,NULL,NULL,NULL,NULL,NULL,NULL,NULL,139),(815,90,NULL,3,'M','3 M',NULL,NULL,NULL,NULL,NULL,NULL,NULL,NULL,139),(816,90,NULL,3,'F','3 F',NULL,NULL,NULL,NULL,NULL,NULL,NULL,NULL,140),(817,90,NULL,4,'F','4 F',NULL,NULL,NULL,NULL,NULL,NULL,NULL,NULL,140),(818,90,NULL,5,'F','5 F',NULL,NULL,NULL,NULL,NULL,NULL,NULL,NULL,140),(819,90,NULL,4,'M','4 M',NULL,NULL,NULL,NULL,NULL,NULL,NULL,NULL,140),(820,90,NULL,5,'M','5 M',NULL,NULL,NULL,NULL,NULL,NULL,NULL,NULL,140),(821,90,NULL,6,'M','6 M',NULL,NULL,NULL,NULL,NULL,NULL,NULL,NULL,140),(822,90,NULL,7,'M','7 M',NULL,NULL,NULL,NULL,NULL,NULL,NULL,NULL,140),(823,90,NULL,6,'F','6 F',NULL,NULL,NULL,NULL,NULL,NULL,NULL,NULL,141),(824,90,NULL,7,'F','7 F',NULL,NULL,NULL,NULL,NULL,NULL,NULL,NULL,141),(825,90,NULL,8,'F','8 F',NULL,NULL,NULL,NULL,NULL,NULL,NULL,NULL,141),(826,90,NULL,9,'F','9 F',NULL,NULL,NULL,NULL,NULL,NULL,NULL,NULL,141),(827,90,NULL,8,'M','8 M',NULL,NULL,NULL,NULL,NULL,NULL,NULL,NULL,141),(828,90,NULL,9,'M','9 M',NULL,NULL,NULL,NULL,NULL,NULL,NULL,NULL,141),(829,90,NULL,10,'M','10 M',NULL,NULL,NULL,NULL,NULL,NULL,NULL,NULL,141),(830,90,NULL,11,'M','11 M',NULL,NULL,NULL,NULL,NULL,NULL,NULL,NULL,141),(831,90,NULL,10,'F','10 F',NULL,NULL,NULL,NULL,NULL,NULL,NULL,NULL,142),(832,90,NULL,11,'F','11 F',NULL,NULL,NULL,NULL,NULL,NULL,NULL,NULL,142),(833,90,NULL,12,'F','12 F',NULL,NULL,NULL,NULL,NULL,NULL,NULL,NULL,142),(834,90,NULL,13,'F','13 F',NULL,NULL,NULL,NULL,NULL,NULL,NULL,NULL,142),(835,90,NULL,12,'M','12 M',NULL,NULL,NULL,NULL,NULL,NULL,NULL,NULL,142),(836,90,NULL,13,'M','13 M',NULL,NULL,NULL,NULL,NULL,NULL,NULL,NULL,142),(837,90,NULL,14,'M','14 M',NULL,NULL,NULL,NULL,NULL,NULL,NULL,NULL,142),(838,90,NULL,14,'F','14 F',NULL,NULL,NULL,NULL,NULL,NULL,NULL,NULL,143),(839,90,NULL,15,'F','15 F',NULL,NULL,NULL,NULL,NULL,NULL,NULL,NULL,143),(840,90,NULL,16,'F','16 F',NULL,NULL,NULL,NULL,NULL,NULL,NULL,NULL,143),(841,90,NULL,17,'F','17 F',NULL,NULL,NULL,NULL,NULL,NULL,NULL,NULL,143),(842,90,NULL,15,'M','15 M',NULL,NULL,NULL,NULL,NULL,NULL,NULL,NULL,143),(843,90,NULL,16,'M','16 M',NULL,NULL,NULL,NULL,NULL,NULL,NULL,NULL,143),(844,90,NULL,17,'M','17 M',NULL,NULL,NULL,NULL,NULL,NULL,NULL,NULL,143),(845,90,NULL,18,'M','18 M',NULL,NULL,NULL,NULL,NULL,NULL,NULL,NULL,143),(846,91,NULL,1,'F','1 F',NULL,NULL,NULL,NULL,NULL,NULL,NULL,NULL,144),(847,91,NULL,2,'F','2 F',NULL,NULL,NULL,NULL,NULL,NULL,NULL,NULL,144),(848,91,NULL,1,'M','1 M',NULL,NULL,NULL,NULL,NULL,NULL,NULL,NULL,144),(849,91,NULL,2,'M','2 M',NULL,NULL,NULL,NULL,NULL,NULL,NULL,NULL,144),(850,92,NULL,1,'F','1 F',NULL,NULL,NULL,NULL,NULL,NULL,NULL,NULL,145),(851,92,NULL,2,'F','2 F',NULL,NULL,NULL,NULL,NULL,NULL,NULL,NULL,145),(852,92,NULL,1,'M','1 M',NULL,NULL,NULL,NULL,NULL,NULL,NULL,NULL,145),(853,92,NULL,2,'M','2 M',NULL,NULL,NULL,NULL,NULL,NULL,NULL,NULL,145),(854,93,NULL,1,'F','1 F',NULL,NULL,NULL,NULL,NULL,NULL,NULL,NULL,146),(855,93,NULL,1,'M','1 M',NULL,NULL,NULL,NULL,NULL,NULL,NULL,NULL,146),(856,94,NULL,1,'F','1 F',NULL,NULL,NULL,NULL,NULL,NULL,NULL,NULL,147),(857,94,NULL,1,'M','1 M',NULL,NULL,NULL,NULL,NULL,NULL,NULL,NULL,147),(858,95,NULL,1,'F','1 F',NULL,NULL,NULL,NULL,NULL,NULL,NULL,NULL,148),(859,95,NULL,1,'M','1 M',NULL,NULL,NULL,NULL,NULL,NULL,NULL,NULL,148),(860,96,NULL,1,'F','1 F',NULL,NULL,NULL,NULL,NULL,NULL,NULL,NULL,149),(861,96,NULL,1,'M','1 M',NULL,NULL,NULL,NULL,NULL,NULL,NULL,NULL,149),(862,97,NULL,1,'F','1 F',NULL,NULL,NULL,NULL,NULL,NULL,NULL,NULL,150),(863,97,NULL,1,'M','1 M',NULL,NULL,NULL,NULL,NULL,NULL,NULL,NULL,150),(864,98,NULL,1,'F','1 F',NULL,NULL,NULL,NULL,NULL,NULL,NULL,NULL,151),(865,98,NULL,1,'M','1 M',NULL,NULL,NULL,NULL,NULL,NULL,NULL,NULL,151),(866,99,NULL,1,'F','1 F',NULL,NULL,NULL,NULL,NULL,NULL,NULL,NULL,152),(867,99,NULL,1,'M','1 M',NULL,NULL,NULL,NULL,NULL,NULL,NULL,NULL,152),(868,100,NULL,1,'F','1 F',NULL,NULL,NULL,NULL,NULL,NULL,NULL,NULL,153),(869,100,NULL,1,'M','1 M',NULL,NULL,NULL,NULL,NULL,NULL,NULL,NULL,153),(870,101,NULL,1,'F','1 F',NULL,NULL,NULL,NULL,NULL,NULL,NULL,NULL,154),(871,101,NULL,2,'F','2 F',NULL,NULL,NULL,NULL,NULL,NULL,NULL,NULL,154),(872,101,NULL,3,'F','3 F',NULL,NULL,NULL,NULL,NULL,NULL,NULL,NULL,154),(873,101,NULL,1,'M','1 M',NULL,NULL,NULL,NULL,NULL,NULL,NULL,NULL,154),(874,101,NULL,2,'M','2 M',NULL,NULL,NULL,NULL,NULL,NULL,NULL,NULL,154),(875,101,NULL,3,'M','3 M',NULL,NULL,NULL,NULL,NULL,NULL,NULL,NULL,154),(876,101,NULL,4,'M','4 M',NULL,NULL,NULL,NULL,NULL,NULL,NULL,NULL,154),(877,101,NULL,4,'F','4 F',NULL,NULL,NULL,NULL,NULL,NULL,NULL,NULL,155),(878,101,NULL,5,'F','5 F',NULL,NULL,NULL,NULL,NULL,NULL,NULL,NULL,155),(879,101,NULL,5,'M','5 M',NULL,NULL,NULL,NULL,NULL,NULL,NULL,NULL,155),(880,101,NULL,6,'M','6 M',NULL,NULL,NULL,NULL,NULL,NULL,NULL,NULL,155),(881,102,NULL,1,'F','1 F',NULL,NULL,NULL,NULL,NULL,NULL,NULL,NULL,156),(882,102,NULL,2,'F','2 F',NULL,NULL,NULL,NULL,NULL,NULL,NULL,NULL,156),(883,102,NULL,1,'M','1 M',NULL,NULL,NULL,NULL,NULL,NULL,NULL,NULL,156),(884,102,NULL,2,'M','2 M',NULL,NULL,NULL,NULL,NULL,NULL,NULL,NULL,156),(885,103,NULL,1,'F','1 F',NULL,NULL,NULL,NULL,NULL,NULL,NULL,NULL,157),(886,103,NULL,1,'M','1 M',NULL,NULL,NULL,NULL,NULL,NULL,NULL,NULL,157),(887,104,NULL,1,'F','1 F',NULL,NULL,NULL,NULL,NULL,NULL,NULL,NULL,158),(888,104,NULL,2,'F','2 F',NULL,NULL,NULL,NULL,NULL,NULL,NULL,NULL,158),(889,104,NULL,1,'M','1 M',NULL,NULL,NULL,NULL,NULL,NULL,NULL,NULL,158),(890,105,NULL,1,'F','1 F',NULL,NULL,NULL,NULL,NULL,NULL,NULL,NULL,159),(891,105,NULL,1,'M','1 M',NULL,NULL,NULL,NULL,NULL,NULL,NULL,NULL,159),(892,106,NULL,1,'F','1 F',NULL,NULL,NULL,NULL,NULL,NULL,NULL,NULL,160),(893,106,NULL,2,'F','2 F',NULL,NULL,NULL,NULL,NULL,NULL,NULL,NULL,160),(894,106,NULL,1,'M','1 M',NULL,NULL,NULL,NULL,NULL,NULL,NULL,NULL,160),(895,106,NULL,2,'M','2 M',NULL,NULL,NULL,NULL,NULL,NULL,NULL,NULL,160),(896,106,NULL,3,'M','3 M',NULL,NULL,NULL,NULL,NULL,NULL,NULL,NULL,160),(897,107,NULL,1,'F','1 F',NULL,NULL,NULL,NULL,NULL,NULL,NULL,NULL,161),(898,107,NULL,1,'M','1 M',NULL,NULL,NULL,NULL,NULL,NULL,NULL,NULL,161),(899,108,NULL,1,'F','1 F',NULL,NULL,NULL,NULL,NULL,NULL,NULL,NULL,162),(900,108,NULL,1,'M','1 M',NULL,NULL,NULL,NULL,NULL,NULL,NULL,NULL,162),(901,109,NULL,1,'F','1 F',NULL,NULL,NULL,NULL,NULL,NULL,NULL,NULL,163),(902,109,NULL,1,'M','1 M',NULL,NULL,NULL,NULL,NULL,NULL,NULL,NULL,163),(903,110,NULL,1,'F','1 F',NULL,NULL,NULL,NULL,NULL,NULL,NULL,NULL,164),(904,110,NULL,2,'F','2 F',NULL,NULL,NULL,NULL,NULL,NULL,NULL,NULL,164),(905,110,NULL,1,'M','1 M',NULL,NULL,NULL,NULL,NULL,NULL,NULL,NULL,164),(906,110,NULL,2,'M','2 M',NULL,NULL,NULL,NULL,NULL,NULL,NULL,NULL,164),(907,111,NULL,1,'F','1 F',NULL,NULL,NULL,NULL,NULL,NULL,NULL,NULL,165),(908,111,NULL,1,'M','1 M',NULL,NULL,NULL,NULL,NULL,NULL,NULL,NULL,165),(909,112,NULL,1,'F','1 F',NULL,NULL,NULL,NULL,NULL,NULL,NULL,NULL,166),(910,112,NULL,1,'M','1 M',NULL,NULL,NULL,NULL,NULL,NULL,NULL,NULL,166),(911,113,NULL,1,'F','1 F',NULL,NULL,NULL,NULL,NULL,NULL,NULL,NULL,167),(912,113,NULL,1,'M','1 M',NULL,NULL,NULL,NULL,NULL,NULL,NULL,NULL,167),(913,114,NULL,1,'F','1 F',NULL,NULL,NULL,NULL,NULL,NULL,NULL,NULL,168),(914,114,NULL,1,'M','1 M',NULL,NULL,NULL,NULL,NULL,NULL,NULL,NULL,168),(915,115,NULL,1,'F','1 F',NULL,NULL,NULL,NULL,NULL,NULL,NULL,NULL,169),(916,115,NULL,1,'M','1 M',NULL,NULL,NULL,NULL,NULL,NULL,NULL,NULL,169),(917,116,NULL,1,'F','1 F',NULL,NULL,NULL,NULL,NULL,NULL,NULL,NULL,170),(918,116,NULL,2,'F','2 F',NULL,NULL,NULL,NULL,NULL,NULL,NULL,NULL,170),(919,116,NULL,3,'F','3 F',NULL,NULL,NULL,NULL,NULL,NULL,NULL,NULL,170),(920,116,NULL,4,'F','4 F',NULL,NULL,NULL,NULL,NULL,NULL,NULL,NULL,170),(921,116,NULL,5,'F','5 F',NULL,NULL,NULL,NULL,NULL,NULL,NULL,NULL,170),(922,116,NULL,1,'M','1 M',NULL,NULL,NULL,NULL,NULL,NULL,NULL,NULL,170),(923,116,NULL,2,'M','2 M',NULL,NULL,NULL,NULL,NULL,NULL,NULL,NULL,170),(924,116,NULL,3,'M','3 M',NULL,NULL,NULL,NULL,NULL,NULL,NULL,NULL,170),(925,116,NULL,4,'M','4 M',NULL,NULL,NULL,NULL,NULL,NULL,NULL,NULL,170),(926,116,NULL,5,'M','5 M',NULL,NULL,NULL,NULL,NULL,NULL,NULL,NULL,170),(927,116,NULL,6,'M','6 M',NULL,NULL,NULL,NULL,NULL,NULL,NULL,NULL,170),(928,116,NULL,6,'F','6 F',NULL,NULL,NULL,NULL,NULL,NULL,NULL,NULL,171),(929,116,NULL,7,'F','7 F',NULL,NULL,NULL,NULL,NULL,NULL,NULL,NULL,171),(930,116,NULL,8,'F','8 F',NULL,NULL,NULL,NULL,NULL,NULL,NULL,NULL,171),(931,116,NULL,9,'F','9 F',NULL,NULL,NULL,NULL,NULL,NULL,NULL,NULL,171),(932,116,NULL,7,'M','7 M',NULL,NULL,NULL,NULL,NULL,NULL,NULL,NULL,171),(933,116,NULL,8,'M','8 M',NULL,NULL,NULL,NULL,NULL,NULL,NULL,NULL,171),(934,116,NULL,9,'M','9 M',NULL,NULL,NULL,NULL,NULL,NULL,NULL,NULL,171),(935,116,NULL,10,'M','10 M',NULL,NULL,NULL,NULL,NULL,NULL,NULL,NULL,171),(936,117,NULL,1,'F','1 F',NULL,NULL,NULL,NULL,NULL,'0854789621','Franklin','0922544588',172),(937,117,NULL,2,'F','2 F',NULL,NULL,NULL,NULL,NULL,NULL,NULL,NULL,172),(938,117,NULL,3,'F','3 F',NULL,NULL,NULL,NULL,NULL,NULL,NULL,NULL,172),(939,117,NULL,4,'F','4 F',NULL,NULL,NULL,NULL,NULL,NULL,NULL,NULL,172),(940,117,NULL,5,'F','5 F',NULL,NULL,NULL,NULL,NULL,NULL,NULL,NULL,172),(941,117,NULL,6,'F','6 F',NULL,NULL,NULL,NULL,NULL,NULL,NULL,NULL,172),(942,117,NULL,7,'F','7 F',NULL,NULL,NULL,NULL,NULL,NULL,NULL,NULL,172),(943,117,NULL,1,'M','1 M',NULL,NULL,NULL,NULL,NULL,NULL,NULL,NULL,172),(944,117,NULL,2,'M','2 M',NULL,NULL,NULL,NULL,NULL,NULL,NULL,NULL,172),(945,117,NULL,3,'M','3 M',NULL,NULL,NULL,NULL,NULL,NULL,NULL,NULL,172),(946,117,NULL,4,'M','4 M',NULL,NULL,NULL,NULL,NULL,NULL,NULL,NULL,172),(947,117,NULL,5,'M','5 M',NULL,NULL,NULL,NULL,NULL,NULL,NULL,NULL,172),(948,117,NULL,6,'M','6 M',NULL,NULL,NULL,NULL,NULL,NULL,NULL,NULL,172),(949,117,NULL,7,'M','7 M',NULL,NULL,NULL,NULL,NULL,NULL,NULL,NULL,172),(950,117,NULL,8,'F','8 F',NULL,NULL,NULL,NULL,NULL,NULL,NULL,NULL,173),(951,117,NULL,9,'F','9 F',NULL,NULL,NULL,NULL,NULL,NULL,NULL,NULL,173),(952,117,NULL,10,'F','10 F',NULL,NULL,NULL,NULL,NULL,NULL,NULL,NULL,173),(953,117,NULL,11,'F','11 F',NULL,NULL,NULL,NULL,NULL,NULL,NULL,NULL,173),(954,117,NULL,12,'F','12 F',NULL,NULL,NULL,NULL,NULL,NULL,NULL,NULL,173),(955,117,NULL,13,'F','13 F',NULL,NULL,NULL,NULL,NULL,NULL,NULL,NULL,173),(956,117,NULL,14,'F','14 F',NULL,NULL,NULL,NULL,NULL,NULL,NULL,NULL,173),(957,117,NULL,8,'M','8 M',NULL,NULL,NULL,NULL,NULL,NULL,NULL,NULL,173),(958,117,NULL,9,'M','9 M',NULL,NULL,NULL,NULL,NULL,NULL,NULL,NULL,173),(959,117,NULL,10,'M','10 M',NULL,NULL,NULL,NULL,NULL,NULL,NULL,NULL,173),(960,117,NULL,11,'M','11 M',NULL,NULL,NULL,NULL,NULL,NULL,NULL,NULL,173),(961,117,NULL,12,'M','12 M',NULL,NULL,NULL,NULL,NULL,NULL,NULL,NULL,173),(962,117,NULL,13,'M','13 M',NULL,NULL,NULL,NULL,NULL,NULL,NULL,NULL,173),(963,117,NULL,14,'M','14 M',NULL,NULL,NULL,NULL,NULL,NULL,NULL,NULL,173),(964,117,NULL,15,'F','15 F',NULL,NULL,NULL,NULL,NULL,NULL,NULL,NULL,174),(965,117,NULL,16,'F','16 F',NULL,NULL,NULL,NULL,NULL,NULL,NULL,NULL,174),(966,117,NULL,17,'F','17 F',NULL,NULL,NULL,NULL,NULL,NULL,NULL,NULL,174),(967,117,NULL,18,'F','18 F',NULL,NULL,NULL,NULL,NULL,NULL,NULL,NULL,174),(968,117,NULL,19,'F','19 F',NULL,NULL,NULL,NULL,NULL,NULL,NULL,NULL,174),(969,117,NULL,20,'F','20 F',NULL,NULL,NULL,NULL,NULL,NULL,NULL,NULL,174),(970,117,NULL,21,'F','21 F',NULL,NULL,NULL,NULL,NULL,NULL,NULL,NULL,174),(971,117,NULL,15,'M','15 M',NULL,NULL,NULL,NULL,NULL,NULL,NULL,NULL,174),(972,117,NULL,16,'M','16 M',NULL,NULL,NULL,NULL,NULL,NULL,NULL,NULL,174),(973,117,NULL,17,'M','17 M',NULL,NULL,NULL,NULL,NULL,NULL,NULL,NULL,174),(974,117,NULL,18,'M','18 M',NULL,NULL,NULL,NULL,NULL,NULL,NULL,NULL,174),(975,117,NULL,19,'M','19 M',NULL,NULL,NULL,NULL,NULL,NULL,NULL,NULL,174),(976,117,NULL,20,'M','20 M',NULL,NULL,NULL,NULL,NULL,NULL,NULL,NULL,174),(977,117,NULL,21,'M','21 M',NULL,NULL,NULL,NULL,NULL,NULL,NULL,NULL,174),(978,117,NULL,22,'F','22 F',NULL,NULL,NULL,NULL,NULL,NULL,NULL,NULL,175),(979,117,NULL,23,'F','23 F',NULL,NULL,NULL,NULL,NULL,NULL,NULL,NULL,175),(980,117,NULL,24,'F','24 F',NULL,NULL,NULL,NULL,NULL,NULL,NULL,NULL,175),(981,117,NULL,25,'F','25 F',NULL,NULL,NULL,NULL,NULL,NULL,NULL,NULL,175),(982,117,NULL,26,'F','26 F',NULL,NULL,NULL,NULL,NULL,NULL,NULL,NULL,175),(983,117,NULL,27,'F','27 F',NULL,NULL,NULL,NULL,NULL,NULL,NULL,NULL,175),(984,117,NULL,28,'F','28 F',NULL,NULL,NULL,NULL,NULL,NULL,NULL,NULL,175),(985,117,NULL,29,'F','29 F',NULL,NULL,NULL,NULL,NULL,NULL,NULL,NULL,175),(986,117,NULL,22,'M','22 M',NULL,NULL,NULL,NULL,NULL,NULL,NULL,NULL,175),(987,117,NULL,23,'M','23 M',NULL,NULL,NULL,NULL,NULL,NULL,NULL,NULL,175),(988,117,NULL,24,'M','24 M',NULL,NULL,NULL,NULL,NULL,NULL,NULL,NULL,175),(989,117,NULL,25,'M','25 M',NULL,NULL,NULL,NULL,NULL,NULL,NULL,NULL,175),(990,117,NULL,26,'M','26 M',NULL,NULL,NULL,NULL,NULL,NULL,NULL,NULL,175),(991,117,NULL,27,'M','27 M',NULL,NULL,NULL,NULL,NULL,NULL,NULL,NULL,175),(992,117,NULL,28,'M','28 M',NULL,NULL,NULL,NULL,NULL,NULL,NULL,NULL,175),(993,117,NULL,29,'M','29 M',NULL,NULL,NULL,NULL,NULL,NULL,NULL,NULL,175),(994,117,NULL,30,'F','30 F',NULL,NULL,NULL,NULL,NULL,NULL,NULL,NULL,176),(995,117,NULL,31,'F','31 F',NULL,NULL,NULL,NULL,NULL,NULL,NULL,NULL,176),(996,117,NULL,30,'M','30 M',NULL,NULL,NULL,NULL,NULL,NULL,NULL,NULL,176),(997,117,NULL,31,'M','31 M',NULL,NULL,NULL,NULL,NULL,NULL,NULL,NULL,176),(998,117,NULL,32,'F','32 F',NULL,NULL,NULL,NULL,NULL,NULL,NULL,NULL,177),(999,117,NULL,33,'F','33 F',NULL,NULL,NULL,NULL,NULL,NULL,NULL,NULL,177),(1000,117,NULL,34,'F','34 F',NULL,NULL,NULL,NULL,NULL,NULL,NULL,NULL,177),(1001,117,NULL,32,'M','32 M',NULL,NULL,NULL,NULL,NULL,NULL,NULL,NULL,177),(1002,117,NULL,33,'M','33 M',NULL,NULL,NULL,NULL,NULL,NULL,NULL,NULL,177),(1003,117,NULL,34,'M','34 M',NULL,NULL,NULL,NULL,NULL,NULL,NULL,NULL,177),(1004,117,NULL,35,'F','35 F',NULL,NULL,NULL,NULL,NULL,NULL,NULL,NULL,178),(1005,117,NULL,36,'F','36 F',NULL,NULL,NULL,NULL,NULL,NULL,NULL,NULL,178),(1006,117,NULL,37,'F','37 F',NULL,NULL,NULL,NULL,NULL,NULL,NULL,NULL,178),(1007,117,NULL,38,'F','38 F',NULL,NULL,NULL,NULL,NULL,NULL,NULL,NULL,178),(1008,117,NULL,39,'F','39 F',NULL,NULL,NULL,NULL,NULL,NULL,NULL,NULL,178),(1009,117,NULL,40,'F','40 F',NULL,NULL,NULL,NULL,NULL,NULL,NULL,NULL,178),(1010,117,NULL,35,'M','35 M',NULL,NULL,NULL,NULL,NULL,NULL,NULL,NULL,178),(1011,117,NULL,36,'M','36 M',NULL,NULL,NULL,NULL,NULL,NULL,NULL,NULL,178),(1012,117,NULL,37,'M','37 M',NULL,NULL,NULL,NULL,NULL,NULL,NULL,NULL,178),(1013,117,NULL,38,'M','38 M',NULL,NULL,NULL,NULL,NULL,NULL,NULL,NULL,178),(1014,117,NULL,39,'M','39 M',NULL,NULL,NULL,NULL,NULL,NULL,NULL,NULL,178),(1015,117,NULL,40,'M','40 M',NULL,NULL,NULL,NULL,NULL,NULL,NULL,NULL,178),(1016,117,NULL,41,'M','41 M',NULL,NULL,NULL,NULL,NULL,NULL,NULL,NULL,178),(1017,117,NULL,42,'M','42 M',NULL,NULL,NULL,NULL,NULL,NULL,NULL,NULL,178),(1018,117,NULL,43,'M','43 M',NULL,NULL,NULL,NULL,NULL,NULL,NULL,NULL,178),(1019,117,NULL,41,'F','41 F',NULL,NULL,NULL,NULL,NULL,NULL,NULL,NULL,179),(1020,117,NULL,42,'F','42 F',NULL,NULL,NULL,NULL,NULL,NULL,NULL,NULL,179),(1021,117,NULL,44,'M','44 M',NULL,NULL,NULL,NULL,NULL,NULL,NULL,NULL,179),(1022,117,NULL,45,'M','45 M',NULL,NULL,NULL,NULL,NULL,NULL,NULL,NULL,179),(1023,117,NULL,46,'M','46 M',NULL,NULL,NULL,NULL,NULL,NULL,NULL,NULL,179),(1024,117,NULL,47,'M','47 M',NULL,NULL,NULL,NULL,NULL,NULL,NULL,NULL,179),(1025,117,NULL,48,'M','48 M',NULL,NULL,NULL,NULL,NULL,NULL,NULL,NULL,179),(1026,117,NULL,43,'F','43 F',NULL,NULL,NULL,NULL,NULL,NULL,NULL,NULL,180),(1027,117,NULL,44,'F','44 F',NULL,NULL,NULL,NULL,NULL,NULL,NULL,NULL,180),(1028,117,NULL,45,'F','45 F',NULL,NULL,NULL,NULL,NULL,NULL,NULL,NULL,180),(1029,117,NULL,49,'M','49 M',NULL,NULL,NULL,NULL,NULL,NULL,NULL,NULL,180),(1030,117,NULL,50,'M','50 M',NULL,NULL,NULL,NULL,NULL,NULL,NULL,NULL,180),(1031,117,NULL,51,'M','51 M',NULL,NULL,NULL,NULL,NULL,NULL,NULL,NULL,180),(1032,117,NULL,46,'F','46 F',NULL,NULL,NULL,NULL,NULL,NULL,NULL,NULL,181),(1033,117,NULL,47,'F','47 F',NULL,NULL,NULL,NULL,NULL,NULL,NULL,NULL,181),(1034,117,NULL,48,'F','48 F',NULL,NULL,NULL,NULL,NULL,NULL,NULL,NULL,181),(1035,117,NULL,49,'F','49 F',NULL,NULL,NULL,NULL,NULL,NULL,NULL,NULL,181),(1036,117,NULL,50,'F','50 F',NULL,NULL,NULL,NULL,NULL,NULL,NULL,NULL,181),(1037,117,NULL,52,'M','52 M',NULL,NULL,NULL,NULL,NULL,NULL,NULL,NULL,181),(1038,117,NULL,53,'M','53 M',NULL,NULL,NULL,NULL,NULL,NULL,NULL,NULL,181),(1039,117,NULL,54,'M','54 M',NULL,NULL,NULL,NULL,NULL,NULL,NULL,NULL,181),(1040,117,NULL,55,'M','55 M',NULL,NULL,NULL,NULL,NULL,NULL,NULL,NULL,181),(1041,117,NULL,56,'M','56 M',NULL,NULL,NULL,NULL,NULL,NULL,NULL,NULL,181),(1042,117,NULL,51,'F','51 F',NULL,NULL,NULL,NULL,NULL,NULL,NULL,NULL,182),(1043,117,NULL,52,'F','52 F',NULL,NULL,NULL,NULL,NULL,NULL,NULL,NULL,182),(1044,117,NULL,53,'F','53 F',NULL,NULL,NULL,NULL,NULL,NULL,NULL,NULL,182),(1045,117,NULL,54,'F','54 F',NULL,NULL,NULL,NULL,NULL,NULL,NULL,NULL,182),(1046,117,NULL,55,'F','55 F',NULL,NULL,NULL,NULL,NULL,NULL,NULL,NULL,182),(1047,117,NULL,57,'M','57 M',NULL,NULL,NULL,NULL,NULL,NULL,NULL,NULL,182),(1048,117,NULL,58,'M','58 M',NULL,NULL,NULL,NULL,NULL,NULL,NULL,NULL,182),(1049,117,NULL,59,'M','59 M',NULL,NULL,NULL,NULL,NULL,NULL,NULL,NULL,182),(1050,117,NULL,60,'M','60 M',NULL,NULL,NULL,NULL,NULL,NULL,NULL,NULL,182),(1051,117,NULL,61,'M','61 M',NULL,NULL,NULL,NULL,NULL,NULL,NULL,NULL,182),(1052,117,NULL,56,'F','56 F',NULL,NULL,NULL,NULL,NULL,NULL,NULL,NULL,183),(1053,117,NULL,57,'F','57 F',NULL,NULL,NULL,NULL,NULL,NULL,NULL,NULL,183),(1054,117,NULL,58,'F','58 F',NULL,NULL,NULL,NULL,NULL,NULL,NULL,NULL,183),(1055,117,NULL,59,'F','59 F',NULL,NULL,NULL,NULL,NULL,NULL,NULL,NULL,183),(1056,117,NULL,60,'F','60 F',NULL,NULL,NULL,NULL,NULL,NULL,NULL,NULL,183),(1057,117,NULL,62,'M','62 M',NULL,NULL,NULL,NULL,NULL,NULL,NULL,NULL,183),(1058,117,NULL,63,'M','63 M',NULL,NULL,NULL,NULL,NULL,NULL,NULL,NULL,183),(1059,117,NULL,64,'M','64 M',NULL,NULL,NULL,NULL,NULL,NULL,NULL,NULL,183),(1060,117,NULL,65,'M','65 M',NULL,NULL,NULL,NULL,NULL,NULL,NULL,NULL,183),(1061,117,NULL,66,'M','66 M',NULL,NULL,NULL,NULL,NULL,NULL,NULL,NULL,183),(1062,117,NULL,61,'F','61 F',NULL,NULL,NULL,NULL,NULL,NULL,NULL,NULL,184),(1063,117,NULL,62,'F','62 F',NULL,NULL,NULL,NULL,NULL,NULL,NULL,NULL,184),(1064,117,NULL,63,'F','63 F',NULL,NULL,NULL,NULL,NULL,NULL,NULL,NULL,184),(1065,117,NULL,67,'M','67 M',NULL,NULL,NULL,NULL,NULL,NULL,NULL,NULL,184),(1066,117,NULL,68,'M','68 M',NULL,NULL,NULL,NULL,NULL,NULL,NULL,NULL,184),(1067,117,NULL,69,'M','69 M',NULL,NULL,NULL,NULL,NULL,NULL,NULL,NULL,184),(1068,117,NULL,64,'F','64 F',NULL,NULL,NULL,NULL,NULL,NULL,NULL,NULL,185),(1069,117,NULL,65,'F','65 F',NULL,NULL,NULL,NULL,NULL,NULL,NULL,NULL,185),(1070,117,NULL,66,'F','66 F',NULL,NULL,NULL,NULL,NULL,NULL,NULL,NULL,185),(1071,117,NULL,67,'F','67 F',NULL,NULL,NULL,NULL,NULL,NULL,NULL,NULL,185),(1072,117,NULL,68,'F','68 F',NULL,NULL,NULL,NULL,NULL,NULL,NULL,NULL,185),(1073,117,NULL,70,'M','70 M',NULL,NULL,NULL,NULL,NULL,NULL,NULL,NULL,185),(1074,117,NULL,71,'M','71 M',NULL,NULL,NULL,NULL,NULL,NULL,NULL,NULL,185),(1075,117,NULL,72,'M','72 M',NULL,NULL,NULL,NULL,NULL,NULL,NULL,NULL,185),(1076,117,NULL,73,'M','73 M',NULL,NULL,NULL,NULL,NULL,NULL,NULL,NULL,185),(1077,117,NULL,74,'M','74 M',NULL,NULL,NULL,NULL,NULL,NULL,NULL,NULL,185),(1078,117,NULL,69,'F','69 F',NULL,NULL,NULL,NULL,NULL,NULL,NULL,NULL,186),(1079,117,NULL,70,'F','70 F',NULL,NULL,NULL,NULL,NULL,NULL,NULL,NULL,186),(1080,117,NULL,71,'F','71 F',NULL,NULL,NULL,NULL,NULL,NULL,NULL,NULL,186),(1081,117,NULL,72,'F','72 F',NULL,NULL,NULL,NULL,NULL,NULL,NULL,NULL,186),(1082,117,NULL,75,'M','75 M',NULL,NULL,NULL,NULL,NULL,NULL,NULL,NULL,186),(1083,117,NULL,76,'M','76 M',NULL,NULL,NULL,NULL,NULL,NULL,NULL,NULL,186),(1084,117,NULL,77,'M','77 M',NULL,NULL,NULL,NULL,NULL,NULL,NULL,NULL,186),(1085,117,NULL,78,'M','78 M',NULL,NULL,NULL,NULL,NULL,NULL,NULL,NULL,186),(1086,117,NULL,79,'M','79 M',NULL,NULL,NULL,NULL,NULL,NULL,NULL,NULL,186),(1087,118,NULL,1,'F','1 F',NULL,NULL,NULL,NULL,NULL,NULL,NULL,NULL,187),(1088,118,NULL,1,'M','1 M',NULL,NULL,NULL,NULL,NULL,NULL,NULL,NULL,187),(1089,119,NULL,1,'F','1 F',NULL,NULL,NULL,NULL,NULL,NULL,NULL,NULL,188),(1090,119,NULL,1,'M','1 M',NULL,NULL,NULL,NULL,NULL,NULL,NULL,NULL,188),(1091,120,NULL,1,'F','1 F',NULL,NULL,NULL,NULL,NULL,NULL,NULL,NULL,189),(1092,120,NULL,1,'M','1 M',NULL,NULL,NULL,NULL,NULL,NULL,NULL,NULL,189),(1093,120,NULL,2,'M','2 M',NULL,NULL,NULL,NULL,NULL,NULL,NULL,NULL,189),(1094,121,NULL,1,'F','1 F',NULL,NULL,NULL,NULL,NULL,NULL,NULL,NULL,190),(1095,121,NULL,1,'M','1 M',NULL,NULL,NULL,NULL,NULL,NULL,NULL,NULL,190),(1096,122,NULL,1,'F','1 F',NULL,NULL,NULL,NULL,NULL,NULL,NULL,NULL,191),(1097,122,NULL,1,'M','1 M',NULL,NULL,NULL,NULL,NULL,NULL,NULL,NULL,191),(1098,123,NULL,1,'F','1 F',NULL,NULL,NULL,NULL,NULL,'0803154582','Jose Luis Mina','0994842022',192),(1099,123,NULL,1,'M','1 M',NULL,NULL,NULL,NULL,NULL,NULL,NULL,NULL,192),(1100,124,NULL,1,'F','1 F',NULL,NULL,NULL,NULL,NULL,NULL,NULL,NULL,193),(1101,124,NULL,1,'M','1 M',NULL,NULL,NULL,NULL,NULL,NULL,NULL,NULL,193),(1102,125,NULL,1,'F','1 F',NULL,NULL,NULL,NULL,NULL,NULL,NULL,NULL,194),(1103,125,NULL,1,'M','1 M',NULL,NULL,NULL,NULL,NULL,NULL,NULL,NULL,194),(1104,125,NULL,2,'M','2 M',NULL,NULL,NULL,NULL,NULL,NULL,NULL,NULL,194),(1105,126,NULL,1,'F','1 F',NULL,NULL,NULL,NULL,NULL,NULL,NULL,NULL,195),(1106,126,NULL,1,'M','1 M',NULL,NULL,NULL,NULL,NULL,NULL,NULL,NULL,195),(1107,127,NULL,1,'F','1 F',NULL,NULL,NULL,NULL,NULL,NULL,NULL,NULL,196),(1108,127,NULL,2,'F','2 F',NULL,NULL,NULL,NULL,NULL,NULL,NULL,NULL,196),(1109,127,NULL,1,'M','1 M',NULL,NULL,NULL,NULL,NULL,NULL,NULL,NULL,196),(1110,127,NULL,2,'M','2 M',NULL,NULL,NULL,NULL,NULL,NULL,NULL,NULL,196),(1111,128,NULL,1,'F','1 F',NULL,NULL,NULL,NULL,NULL,NULL,NULL,NULL,197),(1112,128,NULL,1,'M','1 M',NULL,NULL,NULL,NULL,NULL,NULL,NULL,NULL,197),(1113,129,NULL,1,'F','1 F',NULL,NULL,NULL,NULL,NULL,NULL,NULL,NULL,198),(1114,129,NULL,1,'M','1 M',NULL,NULL,NULL,NULL,NULL,NULL,NULL,NULL,198),(1115,130,NULL,1,'F','1 F',NULL,NULL,NULL,NULL,NULL,NULL,NULL,NULL,199),(1116,130,NULL,1,'M','1 M',NULL,NULL,NULL,NULL,NULL,NULL,NULL,NULL,199),(1117,131,NULL,1,'F','1 F',NULL,NULL,NULL,NULL,NULL,NULL,NULL,NULL,200),(1118,131,NULL,1,'M','1 M',NULL,NULL,NULL,NULL,NULL,NULL,NULL,NULL,200),(1119,132,NULL,1,'F','1 F',NULL,NULL,NULL,NULL,NULL,NULL,NULL,NULL,201),(1120,132,NULL,1,'M','1 M',NULL,NULL,NULL,NULL,NULL,NULL,NULL,NULL,201),(1121,133,NULL,1,'F','1 F',NULL,NULL,NULL,NULL,NULL,NULL,NULL,NULL,202),(1122,133,NULL,1,'M','1 M',NULL,NULL,NULL,NULL,NULL,NULL,NULL,NULL,202),(1123,133,NULL,2,'M','2 M',NULL,NULL,NULL,NULL,NULL,NULL,NULL,NULL,202),(1124,134,NULL,1,'F','1 F',NULL,NULL,NULL,NULL,NULL,NULL,NULL,NULL,203),(1125,134,NULL,1,'M','1 M',NULL,NULL,NULL,NULL,NULL,NULL,NULL,NULL,203),(1126,135,NULL,1,'F','1 F',NULL,NULL,NULL,NULL,NULL,NULL,NULL,NULL,204),(1127,135,NULL,1,'M','1 M',NULL,NULL,NULL,NULL,NULL,NULL,NULL,NULL,204),(1128,136,NULL,1,'F','1 F',NULL,NULL,NULL,NULL,NULL,NULL,NULL,NULL,205),(1129,136,NULL,1,'M','1 M',NULL,NULL,NULL,NULL,NULL,NULL,NULL,NULL,205),(1130,137,NULL,1,'F','1 F',NULL,NULL,NULL,NULL,NULL,NULL,NULL,NULL,206),(1131,137,NULL,1,'M','1 M',NULL,NULL,NULL,NULL,NULL,NULL,NULL,NULL,206),(1132,138,NULL,1,'F','1 F',NULL,NULL,NULL,NULL,NULL,NULL,NULL,NULL,207),(1133,138,NULL,1,'M','1 M',NULL,NULL,NULL,NULL,NULL,NULL,NULL,NULL,207),(1134,139,NULL,1,'F','1 F',NULL,NULL,NULL,NULL,NULL,NULL,NULL,NULL,208),(1135,139,NULL,1,'M','1 M',NULL,NULL,NULL,NULL,NULL,NULL,NULL,NULL,208),(1136,140,NULL,1,'F','1 F',NULL,NULL,NULL,NULL,NULL,NULL,NULL,NULL,209),(1137,140,NULL,1,'M','1 M',NULL,NULL,NULL,NULL,NULL,NULL,NULL,NULL,209),(1138,141,NULL,1,'F','1 F',NULL,NULL,NULL,NULL,NULL,NULL,NULL,NULL,210),(1139,141,NULL,1,'M','1 M',NULL,NULL,NULL,NULL,NULL,NULL,NULL,NULL,210),(1140,142,NULL,1,'F','1 F',NULL,NULL,NULL,NULL,NULL,NULL,NULL,NULL,211),(1141,142,NULL,1,'M','1 M',NULL,NULL,NULL,NULL,NULL,NULL,NULL,NULL,211),(1142,143,NULL,1,'F','1 F',NULL,NULL,NULL,NULL,NULL,NULL,NULL,NULL,212),(1143,143,NULL,1,'M','1 M',NULL,NULL,NULL,NULL,NULL,NULL,NULL,NULL,212),(1144,144,NULL,1,'F','1 F',NULL,NULL,NULL,NULL,NULL,NULL,NULL,NULL,213),(1145,144,NULL,2,'F','2 F',NULL,NULL,NULL,NULL,NULL,NULL,NULL,NULL,213),(1146,144,NULL,1,'M','1 M',NULL,NULL,NULL,NULL,NULL,NULL,NULL,NULL,213),(1147,144,NULL,2,'M','2 M',NULL,NULL,NULL,NULL,NULL,NULL,NULL,NULL,213),(1148,145,NULL,1,'F','1 F',NULL,NULL,NULL,NULL,NULL,NULL,NULL,NULL,214),(1149,145,NULL,1,'M','1 M',NULL,NULL,NULL,NULL,NULL,NULL,NULL,NULL,214),(1150,146,NULL,1,'F','1 F',NULL,NULL,NULL,NULL,NULL,NULL,NULL,NULL,215),(1151,146,NULL,2,'F','2 F',NULL,NULL,NULL,NULL,NULL,NULL,NULL,NULL,215),(1152,146,NULL,1,'M','1 M',NULL,NULL,NULL,NULL,NULL,NULL,NULL,NULL,215),(1153,146,NULL,2,'M','2 M',NULL,NULL,NULL,NULL,NULL,NULL,NULL,NULL,215),(1154,147,NULL,1,'F','1 F',NULL,NULL,NULL,NULL,NULL,NULL,NULL,NULL,216),(1155,147,NULL,1,'M','1 M',NULL,NULL,NULL,NULL,NULL,NULL,NULL,NULL,216),(1156,148,NULL,1,'F','1 F',NULL,NULL,NULL,NULL,NULL,NULL,NULL,NULL,217),(1157,148,NULL,1,'M','1 M',NULL,NULL,NULL,NULL,NULL,NULL,NULL,NULL,217),(1158,149,NULL,1,'F','1 F',NULL,NULL,NULL,NULL,NULL,NULL,NULL,NULL,218),(1159,149,NULL,1,'M','1 M',NULL,NULL,NULL,NULL,NULL,NULL,NULL,NULL,218),(1160,150,NULL,1,'F','1 F',NULL,NULL,NULL,NULL,NULL,NULL,NULL,NULL,219),(1161,150,NULL,1,'M','1 M',NULL,NULL,NULL,NULL,NULL,NULL,NULL,NULL,219),(1162,150,NULL,2,'M','2 M',NULL,NULL,NULL,NULL,NULL,NULL,NULL,NULL,219),(1163,151,NULL,1,'F','1 F',NULL,NULL,NULL,NULL,NULL,NULL,NULL,NULL,220),(1164,151,NULL,2,'F','2 F',NULL,NULL,NULL,NULL,NULL,NULL,NULL,NULL,220),(1165,151,NULL,3,'F','3 F',NULL,NULL,NULL,NULL,NULL,NULL,NULL,NULL,220),(1166,151,NULL,4,'F','4 F',NULL,NULL,NULL,NULL,NULL,NULL,NULL,NULL,220),(1167,151,NULL,5,'F','5 F',NULL,NULL,NULL,NULL,NULL,NULL,NULL,NULL,220),(1168,151,NULL,6,'F','6 F',NULL,NULL,NULL,NULL,NULL,NULL,NULL,NULL,220),(1169,151,NULL,7,'F','7 F',NULL,NULL,NULL,NULL,NULL,NULL,NULL,NULL,220),(1170,151,NULL,1,'M','1 M',NULL,NULL,NULL,NULL,NULL,NULL,NULL,NULL,220),(1171,151,NULL,2,'M','2 M',NULL,NULL,NULL,NULL,NULL,NULL,NULL,NULL,220),(1172,151,NULL,3,'M','3 M',NULL,NULL,NULL,NULL,NULL,NULL,NULL,NULL,220),(1173,151,NULL,4,'M','4 M',NULL,NULL,NULL,NULL,NULL,NULL,NULL,NULL,220),(1174,151,NULL,5,'M','5 M',NULL,NULL,NULL,NULL,NULL,NULL,NULL,NULL,220),(1175,151,NULL,6,'M','6 M',NULL,NULL,NULL,NULL,NULL,NULL,NULL,NULL,220),(1176,151,NULL,8,'F','8 F',NULL,NULL,NULL,NULL,NULL,NULL,NULL,NULL,221),(1177,151,NULL,9,'F','9 F',NULL,NULL,NULL,NULL,NULL,NULL,NULL,NULL,221),(1178,151,NULL,10,'F','10 F',NULL,NULL,NULL,NULL,NULL,NULL,NULL,NULL,221),(1179,151,NULL,11,'F','11 F',NULL,NULL,NULL,NULL,NULL,NULL,NULL,NULL,221),(1180,151,NULL,12,'F','12 F',NULL,NULL,NULL,NULL,NULL,NULL,NULL,NULL,221),(1181,151,NULL,13,'F','13 F',NULL,NULL,NULL,NULL,NULL,NULL,NULL,NULL,221),(1182,151,NULL,14,'F','14 F',NULL,NULL,NULL,NULL,NULL,NULL,NULL,NULL,221),(1183,151,NULL,7,'M','7 M',NULL,NULL,NULL,NULL,NULL,NULL,NULL,NULL,221),(1184,151,NULL,8,'M','8 M',NULL,NULL,NULL,NULL,NULL,NULL,NULL,NULL,221),(1185,151,NULL,9,'M','9 M',NULL,NULL,NULL,NULL,NULL,NULL,NULL,NULL,221),(1186,151,NULL,10,'M','10 M',NULL,NULL,NULL,NULL,NULL,NULL,NULL,NULL,221),(1187,151,NULL,11,'M','11 M',NULL,NULL,NULL,NULL,NULL,NULL,NULL,NULL,221),(1188,151,NULL,12,'M','12 M',NULL,NULL,NULL,NULL,NULL,NULL,NULL,NULL,221),(1189,151,NULL,13,'M','13 M',NULL,NULL,NULL,NULL,NULL,NULL,NULL,NULL,221),(1190,151,NULL,15,'F','15 F',NULL,NULL,NULL,NULL,NULL,NULL,NULL,NULL,222),(1191,151,NULL,16,'F','16 F',NULL,NULL,NULL,NULL,NULL,NULL,NULL,NULL,222),(1192,151,NULL,17,'F','17 F',NULL,NULL,NULL,NULL,NULL,NULL,NULL,NULL,222),(1193,151,NULL,18,'F','18 F',NULL,NULL,NULL,NULL,NULL,NULL,NULL,NULL,222),(1194,151,NULL,19,'F','19 F',NULL,NULL,NULL,NULL,NULL,NULL,NULL,NULL,222),(1195,151,NULL,20,'F','20 F',NULL,NULL,NULL,NULL,NULL,NULL,NULL,NULL,222),(1196,151,NULL,21,'F','21 F',NULL,NULL,NULL,NULL,NULL,NULL,NULL,NULL,222),(1197,151,NULL,14,'M','14 M',NULL,NULL,NULL,NULL,NULL,NULL,NULL,NULL,222),(1198,151,NULL,15,'M','15 M',NULL,NULL,NULL,NULL,NULL,NULL,NULL,NULL,222),(1199,151,NULL,16,'M','16 M',NULL,NULL,NULL,NULL,NULL,NULL,NULL,NULL,222),(1200,151,NULL,17,'M','17 M',NULL,NULL,NULL,NULL,NULL,NULL,NULL,NULL,222),(1201,151,NULL,18,'M','18 M',NULL,NULL,NULL,NULL,NULL,NULL,NULL,NULL,222),(1202,151,NULL,19,'M','19 M',NULL,NULL,NULL,NULL,NULL,NULL,NULL,NULL,222),(1203,151,NULL,20,'M','20 M',NULL,NULL,NULL,NULL,NULL,NULL,NULL,NULL,222),(1204,151,NULL,22,'F','22 F',NULL,NULL,NULL,NULL,NULL,NULL,NULL,NULL,223),(1205,151,NULL,23,'F','23 F',NULL,NULL,NULL,NULL,NULL,NULL,NULL,NULL,223),(1206,151,NULL,24,'F','24 F',NULL,NULL,NULL,NULL,NULL,NULL,NULL,NULL,223),(1207,151,NULL,25,'F','25 F',NULL,NULL,NULL,NULL,NULL,NULL,NULL,NULL,223),(1208,151,NULL,26,'F','26 F',NULL,NULL,NULL,NULL,NULL,NULL,NULL,NULL,223),(1209,151,NULL,27,'F','27 F',NULL,NULL,NULL,NULL,NULL,NULL,NULL,NULL,223),(1210,151,NULL,28,'F','28 F',NULL,NULL,NULL,NULL,NULL,NULL,NULL,NULL,223),(1211,151,NULL,21,'M','21 M',NULL,NULL,NULL,NULL,NULL,NULL,NULL,NULL,223),(1212,151,NULL,22,'M','22 M',NULL,NULL,NULL,NULL,NULL,NULL,NULL,NULL,223),(1213,151,NULL,23,'M','23 M',NULL,NULL,NULL,NULL,NULL,NULL,NULL,NULL,223),(1214,151,NULL,24,'M','24 M',NULL,NULL,NULL,NULL,NULL,NULL,NULL,NULL,223),(1215,151,NULL,25,'M','25 M',NULL,NULL,NULL,NULL,NULL,NULL,NULL,NULL,223),(1216,151,NULL,26,'M','26 M',NULL,NULL,NULL,NULL,NULL,NULL,NULL,NULL,223),(1217,151,NULL,27,'M','27 M',NULL,NULL,NULL,NULL,NULL,NULL,NULL,NULL,223),(1218,152,NULL,1,'F','1 F',NULL,NULL,NULL,NULL,NULL,NULL,NULL,NULL,224),(1219,152,NULL,2,'F','2 F',NULL,NULL,NULL,NULL,NULL,NULL,NULL,NULL,224),(1220,152,NULL,3,'F','3 F',NULL,NULL,NULL,NULL,NULL,NULL,NULL,NULL,224),(1221,152,NULL,4,'F','4 F',NULL,NULL,NULL,NULL,NULL,NULL,NULL,NULL,224),(1222,152,NULL,1,'M','1 M',NULL,NULL,NULL,NULL,NULL,NULL,NULL,NULL,224),(1223,152,NULL,2,'M','2 M',NULL,NULL,NULL,NULL,NULL,NULL,NULL,NULL,224),(1224,152,NULL,3,'M','3 M',NULL,NULL,NULL,NULL,NULL,NULL,NULL,NULL,224),(1225,152,NULL,5,'F','5 F',NULL,NULL,NULL,NULL,NULL,NULL,NULL,NULL,225),(1226,152,NULL,6,'F','6 F',NULL,NULL,NULL,NULL,NULL,NULL,NULL,NULL,225),(1227,152,NULL,7,'F','7 F',NULL,NULL,NULL,NULL,NULL,NULL,NULL,NULL,225),(1228,152,NULL,8,'F','8 F',NULL,NULL,NULL,NULL,NULL,NULL,NULL,NULL,225),(1229,152,NULL,4,'M','4 M',NULL,NULL,NULL,NULL,NULL,NULL,NULL,NULL,225),(1230,152,NULL,5,'M','5 M',NULL,NULL,NULL,NULL,NULL,NULL,NULL,NULL,225),(1231,152,NULL,6,'M','6 M',NULL,NULL,NULL,NULL,NULL,NULL,NULL,NULL,225),(1232,152,NULL,7,'M','7 M',NULL,NULL,NULL,NULL,NULL,NULL,NULL,NULL,225),(1233,152,NULL,9,'F','9 F',NULL,NULL,NULL,NULL,NULL,NULL,NULL,NULL,226),(1234,152,NULL,10,'F','10 F',NULL,NULL,NULL,NULL,NULL,NULL,NULL,NULL,226),(1235,152,NULL,11,'F','11 F',NULL,NULL,NULL,NULL,NULL,NULL,NULL,NULL,226),(1236,152,NULL,12,'F','12 F',NULL,NULL,NULL,NULL,NULL,NULL,NULL,NULL,226),(1237,152,NULL,8,'M','8 M',NULL,NULL,NULL,NULL,NULL,NULL,NULL,NULL,226),(1238,152,NULL,9,'M','9 M',NULL,NULL,NULL,NULL,NULL,NULL,NULL,NULL,226),(1239,152,NULL,10,'M','10 M',NULL,NULL,NULL,NULL,NULL,NULL,NULL,NULL,226),(1240,152,NULL,11,'M','11 M',NULL,NULL,NULL,NULL,NULL,NULL,NULL,NULL,226),(1241,153,NULL,1,'F','1 F',NULL,NULL,NULL,NULL,NULL,NULL,NULL,NULL,227),(1242,153,NULL,1,'M','1 M',NULL,NULL,NULL,NULL,NULL,NULL,NULL,NULL,227),(1243,154,NULL,1,'F','1 F',NULL,NULL,NULL,NULL,NULL,NULL,NULL,NULL,228),(1244,154,NULL,2,'F','2 F',NULL,NULL,NULL,NULL,NULL,NULL,NULL,NULL,228),(1245,154,NULL,3,'F','3 F',NULL,NULL,NULL,NULL,NULL,NULL,NULL,NULL,228),(1246,154,NULL,1,'M','1 M',NULL,NULL,NULL,NULL,NULL,NULL,NULL,NULL,228),(1247,154,NULL,2,'M','2 M',NULL,NULL,NULL,NULL,NULL,NULL,NULL,NULL,228),(1248,154,NULL,3,'M','3 M',NULL,NULL,NULL,NULL,NULL,NULL,NULL,NULL,228),(1249,154,NULL,4,'M','4 M',NULL,NULL,NULL,NULL,NULL,NULL,NULL,NULL,228),(1250,155,NULL,1,'F','1 F',NULL,NULL,NULL,NULL,NULL,NULL,NULL,NULL,229),(1251,155,NULL,2,'F','2 F',NULL,NULL,NULL,NULL,NULL,NULL,NULL,NULL,229),(1252,155,NULL,3,'F','3 F',NULL,NULL,NULL,NULL,NULL,NULL,NULL,NULL,229),(1253,155,NULL,4,'F','4 F',NULL,NULL,NULL,NULL,NULL,NULL,NULL,NULL,229),(1254,155,NULL,5,'F','5 F',NULL,NULL,NULL,NULL,NULL,NULL,NULL,NULL,229),(1255,155,NULL,1,'M','1 M',NULL,NULL,NULL,NULL,NULL,NULL,NULL,NULL,229),(1256,155,NULL,2,'M','2 M',NULL,NULL,NULL,NULL,NULL,NULL,NULL,NULL,229),(1257,155,NULL,3,'M','3 M',NULL,NULL,NULL,NULL,NULL,NULL,NULL,NULL,229),(1258,155,NULL,4,'M','4 M',NULL,NULL,NULL,NULL,NULL,NULL,NULL,NULL,229),(1259,155,NULL,5,'M','5 M',NULL,NULL,NULL,NULL,NULL,NULL,NULL,NULL,229),(1260,156,NULL,1,'F','1 F',NULL,NULL,NULL,NULL,NULL,NULL,NULL,NULL,230),(1261,156,NULL,2,'F','2 F',NULL,NULL,NULL,NULL,NULL,NULL,NULL,NULL,230),(1262,156,NULL,3,'F','3 F',NULL,NULL,NULL,NULL,NULL,NULL,NULL,NULL,230),(1263,156,NULL,4,'F','4 F',NULL,NULL,NULL,NULL,NULL,NULL,NULL,NULL,230),(1264,156,NULL,5,'F','5 F',NULL,NULL,NULL,NULL,NULL,NULL,NULL,NULL,230),(1265,156,NULL,1,'M','1 M',NULL,NULL,NULL,NULL,NULL,NULL,NULL,NULL,230),(1266,156,NULL,2,'M','2 M',NULL,NULL,NULL,NULL,NULL,NULL,NULL,NULL,230),(1267,156,NULL,3,'M','3 M',NULL,NULL,NULL,NULL,NULL,NULL,NULL,NULL,230),(1268,156,NULL,4,'M','4 M',NULL,NULL,NULL,NULL,NULL,NULL,NULL,NULL,230),(1269,156,NULL,5,'M','5 M',NULL,NULL,NULL,NULL,NULL,NULL,NULL,NULL,230),(1270,156,NULL,6,'M','6 M',NULL,NULL,NULL,NULL,NULL,NULL,NULL,NULL,230),(1271,156,NULL,6,'F','6 F',NULL,NULL,NULL,NULL,NULL,NULL,NULL,NULL,231),(1272,156,NULL,7,'F','7 F',NULL,NULL,NULL,NULL,NULL,NULL,NULL,NULL,231),(1273,156,NULL,8,'F','8 F',NULL,NULL,NULL,NULL,NULL,NULL,NULL,NULL,231),(1274,156,NULL,9,'F','9 F',NULL,NULL,NULL,NULL,NULL,NULL,NULL,NULL,231),(1275,156,NULL,7,'M','7 M',NULL,NULL,NULL,NULL,NULL,NULL,NULL,NULL,231),(1276,156,NULL,8,'M','8 M',NULL,NULL,NULL,NULL,NULL,NULL,NULL,NULL,231),(1277,156,NULL,9,'M','9 M',NULL,NULL,NULL,NULL,NULL,NULL,NULL,NULL,231),(1278,156,NULL,10,'M','10 M',NULL,NULL,NULL,NULL,NULL,NULL,NULL,NULL,231),(1279,157,NULL,1,'F','1 F',NULL,NULL,NULL,NULL,NULL,NULL,NULL,NULL,232),(1280,157,NULL,1,'M','1 M',NULL,NULL,NULL,NULL,NULL,NULL,NULL,NULL,232),(1281,158,NULL,1,'F','1 F',NULL,NULL,NULL,NULL,NULL,NULL,NULL,NULL,233),(1282,158,NULL,1,'M','1 M',NULL,NULL,NULL,NULL,NULL,NULL,NULL,NULL,233),(1283,159,NULL,1,'F','1 F',NULL,NULL,NULL,NULL,NULL,NULL,NULL,NULL,234),(1284,159,NULL,2,'F','2 F',NULL,NULL,NULL,NULL,NULL,NULL,NULL,NULL,234),(1285,159,NULL,3,'F','3 F',NULL,NULL,NULL,NULL,NULL,NULL,NULL,NULL,234),(1286,159,NULL,4,'F','4 F',NULL,NULL,NULL,NULL,NULL,NULL,NULL,NULL,234),(1287,159,NULL,5,'F','5 F',NULL,NULL,NULL,NULL,NULL,NULL,NULL,NULL,234),(1288,159,NULL,6,'F','6 F',NULL,NULL,NULL,NULL,NULL,NULL,NULL,NULL,234),(1289,159,NULL,7,'F','7 F',NULL,NULL,NULL,NULL,NULL,NULL,NULL,NULL,234),(1290,159,NULL,1,'M','1 M',NULL,NULL,NULL,NULL,NULL,NULL,NULL,NULL,234),(1291,159,NULL,2,'M','2 M',NULL,NULL,NULL,NULL,NULL,NULL,NULL,NULL,234),(1292,159,NULL,3,'M','3 M',NULL,NULL,NULL,NULL,NULL,NULL,NULL,NULL,234),(1293,159,NULL,4,'M','4 M',NULL,NULL,NULL,NULL,NULL,NULL,NULL,NULL,234),(1294,159,NULL,5,'M','5 M',NULL,NULL,NULL,NULL,NULL,NULL,NULL,NULL,234),(1295,159,NULL,6,'M','6 M',NULL,NULL,NULL,NULL,NULL,NULL,NULL,NULL,234),(1296,159,NULL,7,'M','7 M',NULL,NULL,NULL,NULL,NULL,NULL,NULL,NULL,234),(1297,159,NULL,8,'F','8 F',NULL,NULL,NULL,NULL,NULL,NULL,NULL,NULL,235),(1298,159,NULL,9,'F','9 F',NULL,NULL,NULL,NULL,NULL,NULL,NULL,NULL,235),(1299,159,NULL,10,'F','10 F',NULL,NULL,NULL,NULL,NULL,NULL,NULL,NULL,235),(1300,159,NULL,11,'F','11 F',NULL,NULL,NULL,NULL,NULL,NULL,NULL,NULL,235),(1301,159,NULL,12,'F','12 F',NULL,NULL,NULL,NULL,NULL,NULL,NULL,NULL,235),(1302,159,NULL,8,'M','8 M',NULL,NULL,NULL,NULL,NULL,NULL,NULL,NULL,235),(1303,159,NULL,9,'M','9 M',NULL,NULL,NULL,NULL,NULL,NULL,NULL,NULL,235),(1304,159,NULL,10,'M','10 M',NULL,NULL,NULL,NULL,NULL,NULL,NULL,NULL,235),(1305,159,NULL,11,'M','11 M',NULL,NULL,NULL,NULL,NULL,NULL,NULL,NULL,235),(1306,159,NULL,12,'M','12 M',NULL,NULL,NULL,NULL,NULL,NULL,NULL,NULL,235),(1307,159,NULL,13,'F','13 F',NULL,NULL,NULL,NULL,NULL,NULL,NULL,NULL,236),(1308,159,NULL,14,'F','14 F',NULL,NULL,NULL,NULL,NULL,NULL,NULL,NULL,236),(1309,159,NULL,15,'F','15 F',NULL,NULL,NULL,NULL,NULL,NULL,NULL,NULL,236),(1310,159,NULL,16,'F','16 F',NULL,NULL,NULL,NULL,NULL,NULL,NULL,NULL,236),(1311,159,NULL,13,'M','13 M',NULL,NULL,NULL,NULL,NULL,NULL,NULL,NULL,236),(1312,159,NULL,14,'M','14 M',NULL,NULL,NULL,NULL,NULL,NULL,NULL,NULL,236),(1313,159,NULL,15,'M','15 M',NULL,NULL,NULL,NULL,NULL,NULL,NULL,NULL,236),(1314,159,NULL,16,'M','16 M',NULL,NULL,NULL,NULL,NULL,NULL,NULL,NULL,236),(1315,159,NULL,17,'M','17 M',NULL,NULL,NULL,NULL,NULL,NULL,NULL,NULL,236),(1316,159,NULL,17,'F','17 F',NULL,NULL,NULL,NULL,NULL,NULL,NULL,NULL,237),(1317,159,NULL,18,'F','18 F',NULL,NULL,NULL,NULL,NULL,NULL,NULL,NULL,237),(1318,159,NULL,19,'F','19 F',NULL,NULL,NULL,NULL,NULL,NULL,NULL,NULL,237),(1319,159,NULL,20,'F','20 F',NULL,NULL,NULL,NULL,NULL,NULL,NULL,NULL,237),(1320,159,NULL,21,'F','21 F',NULL,NULL,NULL,NULL,NULL,NULL,NULL,NULL,237),(1321,159,NULL,18,'M','18 M',NULL,NULL,NULL,NULL,NULL,NULL,NULL,NULL,237),(1322,159,NULL,19,'M','19 M',NULL,NULL,NULL,NULL,NULL,NULL,NULL,NULL,237),(1323,159,NULL,20,'M','20 M',NULL,NULL,NULL,NULL,NULL,NULL,NULL,NULL,237),(1324,159,NULL,21,'M','21 M',NULL,NULL,NULL,NULL,NULL,NULL,NULL,NULL,237),(1325,159,NULL,22,'M','22 M',NULL,NULL,NULL,NULL,NULL,NULL,NULL,NULL,237),(1326,160,NULL,1,'F','1 F',NULL,NULL,NULL,NULL,NULL,NULL,NULL,NULL,238),(1327,160,NULL,1,'M','1 M',NULL,NULL,NULL,NULL,NULL,NULL,NULL,NULL,238),(1328,161,NULL,1,'F','1 F',NULL,NULL,NULL,NULL,NULL,NULL,NULL,NULL,239),(1329,161,NULL,1,'M','1 M',NULL,NULL,NULL,NULL,NULL,NULL,NULL,NULL,239);
/*!40000 ALTER TABLE `junta` ENABLE KEYS */;
UNLOCK TABLES;
/*!50003 SET @saved_cs_client      = @@character_set_client */ ;
/*!50003 SET @saved_cs_results     = @@character_set_results */ ;
/*!50003 SET @saved_col_connection = @@collation_connection */ ;
/*!50003 SET character_set_client  = utf8mb4 */ ;
/*!50003 SET character_set_results = utf8mb4 */ ;
/*!50003 SET collation_connection  = utf8mb4_general_ci */ ;
/*!50003 SET @saved_sql_mode       = @@sql_mode */ ;
/*!50003 SET sql_mode              = 'NO_AUTO_VALUE_ON_ZERO' */ ;
DELIMITER ;;
/*!50003 CREATE*/ /*!50017 DEFINER=`root`@`localhost`*/ /*!50003 TRIGGER `elec2020`.`junta_BEFORE_INSERT` BEFORE INSERT ON `junta` FOR EACH ROW
BEGIN
	set new.junta_nombre = concat(new.num_junta,' ',new.genero);
    
END */;;
DELIMITER ;
/*!50003 SET sql_mode              = @saved_sql_mode */ ;
/*!50003 SET character_set_client  = @saved_cs_client */ ;
/*!50003 SET character_set_results = @saved_cs_results */ ;
/*!50003 SET collation_connection  = @saved_col_connection */ ;

--
-- Table structure for table `organizacion`
--

DROP TABLE IF EXISTS `organizacion`;
/*!40101 SET @saved_cs_client     = @@character_set_client */;
/*!50503 SET character_set_client = utf8mb4 */;
CREATE TABLE `organizacion` (
  `idorganizacion` int(11) NOT NULL AUTO_INCREMENT,
  `orden` int(11) DEFAULT NULL,
  `nombre_organizacion` varchar(45) COLLATE utf8_unicode_ci DEFAULT NULL,
  `lista` varchar(45) COLLATE utf8_unicode_ci DEFAULT NULL,
  `siglas` varchar(45) COLLATE utf8_unicode_ci DEFAULT NULL,
  `color` varchar(45) COLLATE utf8_unicode_ci DEFAULT NULL,
  PRIMARY KEY (`idorganizacion`)
) ENGINE=InnoDB AUTO_INCREMENT=52 DEFAULT CHARSET=utf8 COLLATE=utf8_unicode_ci;
/*!40101 SET character_set_client = @saved_cs_client */;

--
-- Dumping data for table `organizacion`
--

LOCK TABLES `organizacion` WRITE;
/*!40000 ALTER TABLE `organizacion` DISABLE KEYS */;
INSERT INTO `organizacion` VALUES (1,1,'Centro democrático','1','CD','#f3982d'),(2,2,'Unidad Pupular','2','U.P','#ff0000'),(3,3,'Partido Sociedada Patriótica','3','PSP','#338c52'),(4,4,'Ecuatoriano Unido','4','EC. U.','#3f3a60'),(6,6,'Partido Social Cristiano','6','P.S.C','#f4dd40'),(8,8,'Avanza Ecuador','8','AVANZA','#0079b0'),(10,10,'Fuerza Ecuador','10','F.E.','#f4dd40'),(11,11,'Movimiento Justicia Social','11','J.S.','#0044ab'),(12,12,'Izquierda Democrática','12','ID','#f18c3e'),(16,16,'Amigo','16','AMIGO','#d8516c'),(18,18,'Pachakutik','18','PACHK.','#661f84'),(19,19,'Union Ecuatoriana','19','U.E.','#e05642'),(20,20,'Democracia SI','20','D. SI','#e72a40'),(21,21,'Creo','21','CREO','#005aa1'),(23,23,'Suma','23','SUMA','#f08d1c'),(25,25,'Construye Ecuador','25','C.E.','#0044ab'),(33,33,'Juntos Podemos','33','C.J.P.','#f71722'),(35,35,'Alianza País','35','A.P.','#d6e13d'),(51,51,'Movimiento Concentración','51','M.C.','#61b7e8');
/*!40000 ALTER TABLE `organizacion` ENABLE KEYS */;
UNLOCK TABLES;

--
-- Table structure for table `parroquias`
--

DROP TABLE IF EXISTS `parroquias`;
/*!40101 SET @saved_cs_client     = @@character_set_client */;
/*!50503 SET character_set_client = utf8mb4 */;
CREATE TABLE `parroquias` (
  `cod_parroquia` int(11) NOT NULL AUTO_INCREMENT,
  `cod_canton` int(11) DEFAULT NULL,
  `nombre_parroquia` varchar(200) COLLATE utf8_unicode_ci DEFAULT NULL,
  `estado_parroquia` varchar(150) COLLATE utf8_unicode_ci DEFAULT NULL,
  PRIMARY KEY (`cod_parroquia`),
  KEY `fk_parroquias_1` (`cod_canton`),
  CONSTRAINT `fk_parroquias_1` FOREIGN KEY (`cod_canton`) REFERENCES `cantones` (`cod_canton`) ON DELETE NO ACTION ON UPDATE CASCADE
) ENGINE=InnoDB AUTO_INCREMENT=69 DEFAULT CHARSET=utf8 COLLATE=utf8_unicode_ci;
/*!40101 SET character_set_client = @saved_cs_client */;

--
-- Dumping data for table `parroquias`
--

LOCK TABLES `parroquias` WRITE;
/*!40000 ALTER TABLE `parroquias` DISABLE KEYS */;
INSERT INTO `parroquias` VALUES (1,6,'CAMARONES','R'),(2,6,'CRNL.CARLOS CONCHA TORRES','R'),(3,6,'CHINCA','R'),(4,6,'MAJUA','R'),(5,6,'SAN MATEO','R'),(6,6,'TABIAZO','R'),(7,6,'TACHINA','R'),(8,6,'VUELTA LARGA','R'),(9,4,'BARTOLOME RUIZ','U'),(10,5,'5 DE AGOSTO','U'),(11,4,'ESMERALDAS','U'),(12,4,'LUIS TELLO / LAS PALMAS /','U'),(13,5,'SIMON PLATA TORRES','U'),(14,9,'CHONTADURO','R'),(15,9,'CHUMUNDE','R'),(16,9,'LAGARTO','R'),(17,9,'MONTALVO / HORQUETA','R'),(18,9,'ROCAFUERTE','R'),(19,9,'RIO VERDE','U'),(20,2,'ANCHAYACU','R'),(21,2,'ATAHUALPA/CAMARONES','R'),(22,2,'BORBON','R'),(23,2,'SAN JOSE DE CAYAPAS','R'),(24,2,'COLON ELOY DE MARIA','R'),(25,2,'TIMBIRE','R'),(26,2,'LA TOLA','R'),(27,2,'LUIS VARGAS TORRES','R'),(28,2,'MALDONADO','R'),(29,2,'PAMPANAL DE BOLIVAR','R'),(30,2,'SAN FRANCISCO DE ONZOLE','R'),(31,2,'SELVA ALEGRE','R'),(32,2,'TELEMBI','R'),(33,2,'SANTO DOMINGO DE ONZOLE','R'),(34,2,'SANTA LUCIA DE LAS PEÑAS','R'),(35,2,'VALDEZ/LIMONES/','U'),(36,7,'BOLIVAR','R'),(37,7,'DAULE','R'),(38,7,'GALERA','R'),(39,7,'QUINGUE','R'),(40,7,'SALIMA','R'),(41,7,'SAN FRANCISCO','R'),(42,7,'SAN GREGORIO','R'),(43,7,'SAN JOSE DE CHAMANGA','R'),(44,7,'MUISNE','U'),(45,8,'CUBE / CHANCAMA','R'),(46,8,'CHURA','R'),(47,8,'LA UNION','R'),(48,8,'MALIMPIA / GUAYLLABAMBA','R'),(49,8,'VICHE','R'),(50,8,'ROSA ZARATE','U'),(51,10,'ALTO TAMBO/GUADAL','R'),(52,10,'ANCON/PALMA REAL','R'),(53,10,'CALDERON','R'),(54,10,'CARONDELET','R'),(55,10,'5 DE JUNIO/HUIMBI','R'),(56,10,'CONCEPCION','R'),(57,10,'MATAJE','R'),(58,10,'SAN JAVIER DE CACHABI','R'),(59,10,'SANTA RITA','R'),(60,10,'TAMBILLO','R'),(61,10,'TULULBI /RICAURTE','R'),(62,10,'URBINA','R'),(63,10,'SAN LORENZO','U'),(64,1,'TONSUPA','R'),(65,1,'LA UNION','R'),(66,1,'SUA/BOCANA','R'),(67,1,'TONCHIGUE','R'),(68,1,'ATACAMES','U');
/*!40000 ALTER TABLE `parroquias` ENABLE KEYS */;
UNLOCK TABLES;

--
-- Table structure for table `provincia`
--

DROP TABLE IF EXISTS `provincia`;
/*!40101 SET @saved_cs_client     = @@character_set_client */;
/*!50503 SET character_set_client = utf8mb4 */;
CREATE TABLE `provincia` (
  `cne_cod_prov` int(11) NOT NULL AUTO_INCREMENT,
  `nombre_provincia` varchar(45) COLLATE utf8_unicode_ci DEFAULT NULL,
  `num_vot_hombres` int(11) DEFAULT NULL,
  `num_vot_mujeres` int(11) DEFAULT NULL,
  `activa` bit(1) DEFAULT NULL,
  PRIMARY KEY (`cne_cod_prov`)
) ENGINE=InnoDB AUTO_INCREMENT=9 DEFAULT CHARSET=utf8 COLLATE=utf8_unicode_ci;
/*!40101 SET character_set_client = @saved_cs_client */;

--
-- Dumping data for table `provincia`
--

LOCK TABLES `provincia` WRITE;
/*!40000 ALTER TABLE `provincia` DISABLE KEYS */;
INSERT INTO `provincia` VALUES (8,'ESMERALDAS',50,50,_binary '');
/*!40000 ALTER TABLE `provincia` ENABLE KEYS */;
UNLOCK TABLES;

--
-- Table structure for table `recintos`
--

DROP TABLE IF EXISTS `recintos`;
/*!40101 SET @saved_cs_client     = @@character_set_client */;
/*!50503 SET character_set_client = utf8mb4 */;
CREATE TABLE `recintos` (
  `cod_recinto` int(11) NOT NULL AUTO_INCREMENT,
  `cod_parroquia` int(11) DEFAULT NULL,
  `parroquia_nombre` varchar(200) COLLATE utf8_unicode_ci DEFAULT NULL,
  `nombre_recinto` varchar(200) COLLATE utf8_unicode_ci DEFAULT NULL,
  `direccion_recinto` varchar(500) COLLATE utf8_unicode_ci DEFAULT NULL,
  `cod_zona` int(11) DEFAULT NULL,
  `num_jun_mas` int(11) DEFAULT NULL,
  `num_jun_fem` int(11) DEFAULT NULL,
  `num_juntas` int(11) DEFAULT NULL,
  `jun_ini_f` int(11) DEFAULT NULL,
  `jun_fin_f` int(11) DEFAULT NULL,
  `jun_ini_m` int(11) DEFAULT NULL,
  `jun_fin_m` int(11) DEFAULT NULL,
  `responsable_ci` varchar(20) COLLATE utf8_unicode_ci DEFAULT NULL,
  `responsable_nombres` varchar(250) COLLATE utf8_unicode_ci DEFAULT NULL,
  `responsable_telefono` varchar(100) COLLATE utf8_unicode_ci DEFAULT NULL,
  `num_electores` int(11) DEFAULT NULL,
  PRIMARY KEY (`cod_recinto`)
) ENGINE=InnoDB AUTO_INCREMENT=240 DEFAULT CHARSET=utf8 COLLATE=utf8_unicode_ci;
/*!40101 SET character_set_client = @saved_cs_client */;

--
-- Dumping data for table `recintos`
--

LOCK TABLES `recintos` WRITE;
/*!40000 ALTER TABLE `recintos` DISABLE KEYS */;
INSERT INTO `recintos` VALUES (1,1,'CAMARONES','UNIDAD EDUCATIVA \"DR. FRANKLIN TELLO\"','VIA PRINCIPAL A RIOVERDE CABECERA PARROQUIAL CAMARONES',1,2,1,3,1,1,1,2,NULL,NULL,NULL,1050),(2,1,'CAMARONES','COLISEO PARROQUIA CAMARONES','CENTRO POBLADO CAMARONES',1,2,2,4,2,3,3,4,NULL,NULL,NULL,1214),(3,2,'CRNL.CARLOS CONCHA TORRES','ESCUELA GENERAL BASICA \"JARDIN DE LA INFANCIA\"','10 DE SEPTIEMBRE, ANGEL NEIRA, ROSA CAICEDO Y PEDRO REALPE',2,3,2,5,1,2,1,3,NULL,NULL,NULL,1582),(4,3,'CHINCA','EXTENSION DEL MILENIUM CHINCA /ANTES UNIDAD EDUCATIVA BARTOLOMÉ RUIZ','VÍA PRINCIPAL ESMERALDAS - VICHE',3,2,1,3,1,1,1,2,NULL,NULL,NULL,1050),(5,3,'CHINCA','UNIDAD EDUCATIVA DEL MILENIUM CHINCA','CALLE PRINCIPAL VIA A QUININDE',3,3,3,6,2,4,3,5,NULL,NULL,NULL,1959),(6,4,'MAJUA','ESCUELA GENERAL BASICA \"GUAYAS\"','VIA PRINCIPAL 9 DE OCTUBRE',4,3,3,6,1,3,1,3,NULL,NULL,NULL,1950),(7,5,'SAN MATEO','UNIDAD EDUCATIVA SAN MATEO / ANTES ESCUELA BOLIVIA','26 DE JULIO Y 21 DE SEPTIEMBRE',5,4,3,7,1,3,1,4,NULL,NULL,NULL,2450),(8,5,'SAN MATEO','UNIDAD EDUCATIVA SAN MATEO','BARRIO URDESA , CALLE 28 DE ENERO Y LUCIO ARAUJO',5,3,3,6,4,6,5,7,NULL,NULL,NULL,1836),(9,5,'SAN MATEO','ESCUELA GENERAL BÁSICA \"DR. RICARDO PAREDES ROMERO\"','CENTRO POBLADO',6,1,1,2,1,1,1,1,NULL,NULL,NULL,407),(10,6,'TABIAZO','UNIDAD EDUCATIVA FISCAL TABIAZO / ANTES ESCUELA GRANJA JOSE SAN MARTIN','JOHN F. KENNEDY',7,4,4,8,1,4,1,4,NULL,NULL,NULL,2623),(11,7,'TACHINA','ESCUELA GENERAL BASICA PEDRO CORNELIO DROUET','VELASCO IBARRA 24 DE MAYO Y ESMERALDAS',8,5,5,10,1,5,1,5,NULL,NULL,NULL,3542),(12,8,'VUELTA LARGA','UNIDAD EDUCATIVA \"LEON FEBRES CORDERO\"','FRANCISCO ORELLANA Y JUAN MONTALVO',9,8,8,16,1,8,1,8,NULL,NULL,NULL,5600),(13,8,'VUELTA LARGA','PARQUE CENTRAL SIMON BOLIVAR','FRANCISCO DE ORELLANA Y 21 DE SEPTIEMBRE',9,2,2,4,9,10,9,10,NULL,NULL,NULL,1400),(14,8,'VUELTA LARGA','ESCUELA EGB CESAR NAVIL ESTUPIÑAN BASS','BARRIO SAN JORGE SECTOR LOS EBANOS',9,4,3,7,11,13,11,14,NULL,NULL,NULL,2339),(15,9,'BARTOLOME RUIZ','UNIDAD EDUCATIVA FISCOMISIONAL \"CRISTO REY\"','SUCRE ENTRE 24 DE MAYO Y MANABI',10,6,7,13,1,7,1,6,NULL,NULL,NULL,4550),(16,9,'BARTOLOME RUIZ','UNIDAD EDUCATIVA \"DR. LUIS PRADO VITERI\" \\ ANTES COMPLEJO LEONIDAS MARIO DROUET','AV. GUAYAQUIL ENTRE JR. CORONEL Y TACITO ORTIZ URRIOLA',10,7,8,15,8,15,7,13,NULL,NULL,NULL,5250),(17,9,'BARTOLOME RUIZ','UNIDAD EDUCATIVA MANUEL NIETO CADENA','JAIME ROLDOS AGUILERA',10,6,6,12,16,21,14,19,NULL,NULL,NULL,4200),(18,9,'BARTOLOME RUIZ','IGLESIA SANTA MARIANITA','RAMON CHIRIBOGA Y AV. LIBERTAD',10,1,1,2,22,22,20,20,NULL,NULL,NULL,700),(19,9,'BARTOLOME RUIZ','UNIDAD EDUCATIVA SAN JOSE BENITO COTTOLENGO','CALLE SATIERA DEL PERO Y ARCELIO RAMIREZ',10,1,2,3,23,24,21,21,NULL,NULL,NULL,1050),(20,9,'BARTOLOME RUIZ','UNIVERSIDAD TECNICA LUIS VARGAS TORRES','NUEVOS HORIZONTES',10,12,13,25,25,37,22,33,NULL,NULL,NULL,8643),(21,10,'5 DE AGOSTO','UNIDAD EDUCATIVA PARTICULAR LA INMACULADA','COLON ENTRE MEXICO Y EL ORO',11,7,7,14,1,7,1,7,NULL,NULL,NULL,4900),(22,10,'5 DE AGOSTO','UNIDAD EDUCATIVA FISCAL LUIS VARGAS TORRES','AV. COLON Y EL ORO',11,6,6,12,8,13,8,13,NULL,NULL,NULL,4200),(23,10,'5 DE AGOSTO','UNIDAD EDUCATIVA RAMON BEDOYA NAVIA/ANTES ESCUELA FRAY VICENTE SOLANO','AZUAY ENTRE PANAMA Y ZAMORA',11,5,5,10,14,18,14,18,NULL,NULL,NULL,3500),(24,10,'5 DE AGOSTO','UNIDAD EDUCATIVA FISCAL MARGARITA CORTEZ','PEDRO VICENTE MALDONADO ENTRE DELGADILLO Y SAN JOSE OBRERO',11,7,7,14,19,25,19,25,NULL,NULL,NULL,4900),(25,10,'5 DE AGOSTO','UNIDAD EDUCATIVA NELSON ORTIZ ESTAFANUTO / ANTES ESCUELA \"5 DE AGOSTO\"','SAN JOSE OBRERO ANTRE COLON , ELOY ALFARO E IMBABURA',11,6,6,12,26,31,26,31,NULL,NULL,NULL,4200),(26,10,'5 DE AGOSTO','UNIDAD EDUCATIVA MARGARITA CORTEZ / ANTES ESCUELA \"CENTRO AMÉRICA\"','RICAURTE ENTRE SUCRE Y PEDRO VICENTE MALDONADO',11,4,4,8,32,35,32,35,NULL,NULL,NULL,2800),(27,10,'5 DE AGOSTO','ESCUELA GENERAL BÁSICA \"DR. JOSE MARÍA VELASCO IBARRA\"','CALLE MANUELA CAÑIZARES ENTRE OLMEDO Y COLON',11,2,4,6,36,39,36,37,NULL,NULL,NULL,2100),(28,10,'5 DE AGOSTO','ESCUELA EGB JULIO ESTUPIÑAN TELLO','MEXICO Y GALAPAGOS',11,2,2,4,40,41,38,39,NULL,NULL,NULL,1400),(29,10,'5 DE AGOSTO','COLEGIO EGB JULIO ESTUPIÑAN TELLO','MEXICO Y CARTAGENA',11,3,4,7,42,45,40,42,NULL,NULL,NULL,2450),(30,10,'5 DE AGOSTO','ESCUELA EGB SAN JOSE OBRERO','SAN JOSE OBRERO Y 6 DE DICIEMBRE',11,3,4,7,46,49,43,45,NULL,NULL,NULL,2450),(31,10,'5 DE AGOSTO','ESCUELA EGB ESMERALDAS LIBRE','CALLE PRINCIPAL ESMERALDAS LIBRE',11,1,2,3,50,51,46,46,NULL,NULL,NULL,1050),(32,10,'5 DE AGOSTO','COLEGIO ESMERALDAS LIBRE','CALLE PRINCIPAL ESMERALDAS LIBRE',11,4,4,8,52,55,47,50,NULL,NULL,NULL,2486),(33,10,'5 DE AGOSTO','UNIDAD EDUCATIVA \"5 DE AGOSTO\"','SIMON PLATA TORRES',12,2,2,4,1,2,1,2,NULL,NULL,NULL,1234),(34,10,'5 DE AGOSTO','INSTITUTO TÉCNICO SUPERIOR LUIS TELLO','KM 5.5 VIA A REFINERIA',13,6,6,12,1,6,1,6,NULL,NULL,NULL,4041),(35,11,'ESMERALDAS','UNIDAD EDUCATIVA \"21 DE SEPTIEMBRE\"','9 DE OCTUBRE ENTRE BOLIVAR Y MALECÓN',14,4,4,8,1,4,1,4,NULL,NULL,NULL,2800),(36,11,'ESMERALDAS','ESCUELA GENERAL BÁSICA \"HISPANO AMERICA NRO. 2\"','SUCRE ENTRE 10 DE AGOSTO Y ROCAFUERTE',14,3,3,6,5,7,5,7,NULL,NULL,NULL,2100),(37,11,'ESMERALDAS','COLEGIO DE BACHILLERATO FISCOMISIONAL \"SAGRADO CORAZÓN\"','AV. OLMEDO Y EUGENIO ESPEJO',14,8,8,16,8,15,8,15,NULL,NULL,NULL,5600),(38,11,'ESMERALDAS','UNIDAD EDUCATIVA FISCOMISIONAL DON BOSCO/ANTES INSTITUTO PEDAGOGICO DON BOSCO','EUGENIO ESPEJO Y AV. ELOY ALFARO',14,7,7,14,16,22,16,22,NULL,NULL,NULL,4900),(39,11,'ESMERALDAS','ESCUELA GENERAL BASICA FISCOMISIONAL DON BOSCO','EUGENIO ESPEJO Y SUBIDA A LA PUCESE',14,7,7,14,23,29,23,29,NULL,NULL,NULL,4900),(40,11,'ESMERALDAS','UNIDAD EDUCATIVA ELOY ALFARO / ANTES COLEGIO BELLAS ARTES','LAVAYEN ENTRE SUCRE Y OLMEDO',14,4,4,8,30,33,30,33,NULL,NULL,NULL,2800),(41,11,'ESMERALDAS','UNIDAD EDUCATIVA FISCAL ELOY ALFARO','MURIEL ENTRE SUCRE Y OLMEDO',14,5,5,10,34,38,34,38,NULL,NULL,NULL,3500),(42,11,'ESMERALDAS','ESCUELA GENERAL BASICA \"JUAN MONTALVO\"','MANABI ENTRE SUCRE Y LUIS VARGAS TORRES',14,5,5,10,39,43,39,43,NULL,NULL,NULL,3500),(43,11,'ESMERALDAS','UNIDAD EDUCATIVA PARTICULAR LUZ Y LIBERTAD','MANABI',14,3,6,9,44,49,44,46,NULL,NULL,NULL,3150),(44,11,'ESMERALDAS','ESCUELA ROBERTO LUIS CERVANTES MONTAÑO','JUAN MONTALVO Y CALLE PRIMERA',14,2,3,5,50,52,47,48,NULL,NULL,NULL,1750),(45,11,'ESMERALDAS','COLEGIO ROBERTO LUIS CERVANTES MONTAÑO','JUAN MONTALVO Y PEDRO VICENTE MALDONADO',14,4,5,9,53,57,49,52,NULL,NULL,NULL,3150),(46,11,'ESMERALDAS','COLEGIO DE BACHILLERATO NOCTURNO ESMERALDAS','PEDRO VICENTE MALDONADO ENTRE 10 DE AGOSTO Y ROCAFUERTE',14,5,5,10,58,62,53,57,NULL,NULL,NULL,3500),(47,11,'ESMERALDAS','UNIDAD EDUCATIVA MONSEÑOR LEONIDAS PROAÑO','RIO BALAO Y RIO TEAONE',14,2,2,4,63,64,58,59,NULL,NULL,NULL,1400),(48,11,'ESMERALDAS','PONTIFICIA UNIVERSIDAD CATOLICA DEL ECUADOR SEDE ESMERALDAS','CALLE ESPEJO Y SUBIDA A SANTA CRUZ',14,4,4,8,65,68,60,63,NULL,NULL,NULL,2382),(49,11,'ESMERALDAS','ESCUELA LEONIDAS GRUEZO GEORGE','JOSE BAZURTO MENDOZA',15,1,1,2,1,1,1,1,NULL,NULL,NULL,125),(50,12,'LUIS TELLO / LAS PALMAS /','ESCUELA GENERAL BASICA FISCAL \"GUAYAQUIL\"','LUIS TELLO Y RAMÓN VALDEZ',16,3,2,5,1,2,1,3,NULL,NULL,NULL,1750),(51,12,'LUIS TELLO / LAS PALMAS /','UNIDAD EDUCATIVA FISCOMISIONAL \"NUEVO ECUADOR\"','AV. BARBIZOTTI ENTRE ALDO MENGI Y ANTONIO GUERRA',16,6,7,13,3,9,4,9,NULL,NULL,NULL,4550),(52,12,'LUIS TELLO / LAS PALMAS /','ESCUELA GENERAL BÁSICA \"DR. RICARDO PAREDES\" / ANTES ESCUELA ECUADOR PAIS AMAZÓNICO','CALLE LUIS TELLO Y NELSON ORTIZ',16,3,2,5,10,11,10,12,NULL,NULL,NULL,1750),(53,12,'LUIS TELLO / LAS PALMAS /','ESCUELA EGB MODESTO ELIAS MENDOZA MOREIRA','BARRIO EL PANECILLO',16,2,2,4,12,13,13,14,NULL,NULL,NULL,1072),(54,13,'SIMON PLATA TORRES','ESCUELA GENERAL BASICA \"NUESTRA SEÑORA DE LORETO\"','AV. SIMON PLATA TORRES',17,7,7,14,1,7,1,7,NULL,NULL,NULL,4900),(55,13,'SIMON PLATA TORRES','UNIDAD EDUCATIVA ALFONSO QUIÑONEZ GEORGE','VIA ATACAMES Y TOLITA 1',17,6,7,13,8,14,8,13,NULL,NULL,NULL,4235),(56,13,'SIMON PLATA TORRES','ESCUELA GENERAL BASICA CONSUELO BENAVIDES CEVALLOS','CONSUELO BENAVIDES Y 31 DE MAYO',18,5,5,10,1,5,1,5,NULL,NULL,NULL,3500),(57,13,'SIMON PLATA TORRES','ESCUELA HOMERO LOPEZ SAUD','BARRIO JORGE BAJO',18,3,5,8,6,10,6,8,NULL,NULL,NULL,2468),(58,13,'SIMON PLATA TORRES','UNIDA EDUCATIVA FISCOMISIONAL \"SAN DANIEL COMBONI\"','VIA PRINCIPAL A TONSUPA - ATACAMES',19,1,2,3,1,2,1,1,NULL,NULL,NULL,836),(59,13,'SIMON PLATA TORRES','UNIDAD EDUCATIVA FISCOMISIONAL MARÍA AUXILIADORA','KM 2 1/2 VÍA ATACAMES',20,3,4,7,1,4,1,3,NULL,NULL,NULL,2203),(60,14,'CHONTADURO','UNIDAD EDUCATIVA FISCAL CHONTADURO','CALLE FRANCISCO ARCO VÍA CHUMUNDE',21,4,4,8,1,4,1,4,NULL,NULL,NULL,2408),(61,14,'CHONTADURO','UNIDAD EDUCATIVA EUGENIO CHUZING ALDAZ','CALLE RAMON LOOR',22,1,1,2,1,1,1,1,NULL,NULL,NULL,322),(62,15,'CHUMUNDE','UNIDAD EDUCATIVA ARMENGOL LARA VALENCIA','Via Principal Chumunde',23,4,3,7,1,3,1,4,NULL,NULL,NULL,1927),(63,15,'CHUMUNDE','ESCUELA DE EDUCACION BASICA ANTONIO ELIZALDE','FRENTE A LA CANCHA DE FUTBOL',24,1,1,2,1,1,1,1,NULL,NULL,NULL,191),(64,15,'CHUMUNDE','ESCUELA RICARDO PLAZA BASTIDAS','FRENTE A LA CANCHA DE FULTBOL',25,1,1,2,1,1,1,1,NULL,NULL,NULL,238),(65,15,'CHUMUNDE','ESCUELA 7 DE JULIO','CENTRO POBLADO',26,1,1,2,1,1,1,1,NULL,NULL,NULL,239),(66,15,'CHUMUNDE','ESCUELA SAN RUFINO','VIA PRINCIPAL DEL RECINTO PERLA ESMERALDEÑA SAN RUFINO',27,1,1,2,1,1,1,1,NULL,NULL,NULL,158),(67,16,'LAGARTO','UNIDAD EDUCATIVA FISCAL AURELIA BECERRA DE QUIÑONEZ / ANTES ESC. DE EDUCACIÓN BÁSICA QUISQUIS','CALLES 6 DE DICIEMBRE Y MEJIA',28,3,3,6,1,3,1,3,NULL,NULL,NULL,2100),(68,16,'LAGARTO','UNIDAD EDUCATIVA AURELIA BECERRA DE QUIÑONEZ BLOQUE 2','ERNALDO OLMEDO',28,2,2,4,4,5,4,5,NULL,NULL,NULL,1071),(69,16,'LAGARTO','ESCUELA DE EDUCACIÓN GENERAL BÁSICA DONATO YANUZELLY ORTÍZ','12 de Octubre y Bella Vista',29,1,1,2,1,1,1,1,NULL,NULL,NULL,266),(70,16,'LAGARTO','ESCUELA DE EDUCACIÓN BÁSICA SEBASTIÁN DE ILLESCAS','VIA SAN LORENZO',30,1,1,2,1,1,1,1,NULL,NULL,NULL,134),(71,17,'MONTALVO / HORQUETA','UNIDAD EDUCATIVA JUAN MONTALVO','CALLE JOAQUIN ESTUPIÑAN VÍA GUALPE',31,4,3,7,1,3,1,4,NULL,NULL,NULL,2450),(72,17,'MONTALVO / HORQUETA','COLISEO DE LA PARROQUIA MONTALVO','CALLE JUAQUIN ESTUPIÑAN Y ESMERALDAS',31,2,3,5,4,6,5,6,NULL,NULL,NULL,1513),(73,18,'ROCAFUERTE','UNIDAD EDUCATIVA FISCAL RAMÓN ESTUPIÑAN','CALLES BOLIVAR Y RAMÓN ESTUPIÑAN',32,4,5,9,1,5,1,4,NULL,NULL,NULL,3150),(74,18,'ROCAFUERTE','UNIDAD EDUCATIVA FISCAL RAMON ESTUPIÑAN BLOQUE 1','CALLE RAMON ESTUPIÑAN',32,3,2,5,6,7,5,7,NULL,NULL,NULL,1608),(75,18,'ROCAFUERTE','ESCUELA GENERAL BÁSICA FISCAL COTOPAXI','Via principal a Chunguillo',33,1,1,2,1,1,1,1,NULL,NULL,NULL,129),(76,19,'RIO VERDE','UNIDAD EDUCATIVA RIO VERDE / ANTES ESC. 24 DE MAYO','CALLES 22 DE JULIO E INDEPENDENCIA',34,5,4,9,1,4,1,5,NULL,NULL,NULL,3150),(77,19,'RIO VERDE','UNIDAD EDUCATIVA RIO VERDE','CALLE 22 DE JULIO',34,4,4,8,5,8,6,9,NULL,NULL,NULL,2303),(78,19,'RIO VERDE','CASA COMUNAL CABUYAL / ANTES ESCUELA RAMONA ORTIZ ESPINOZA','Via principal a Rio Verde y 24 de Julio',35,1,1,2,1,1,1,1,NULL,NULL,NULL,135),(79,20,'ANCHAYACU','UNIDAD EDUCATIVA FISCAL 2 DE AGOSTO','CALLE SIN NOMBRE',36,2,2,4,1,2,1,2,NULL,NULL,NULL,1168),(80,21,'ATAHUALPA/CAMARONES','PLAZOLETA','PADRE LIDIO MARTINEZ',37,3,3,6,1,3,1,3,NULL,NULL,NULL,1530),(81,21,'ATAHUALPA/CAMARONES','ESCUELA PUERTO BAQUERIZO','VÍA PRINCIPAL CALLE SIN NOMBRE',38,1,1,2,1,1,1,1,NULL,NULL,NULL,105),(82,22,'BORBON','UNIDAD EDUCATIVA FISCAL BORBON','ARTESANAL Y CALLE SECUNDARIA NUEVA ESPERANZA',39,6,6,12,1,6,1,6,NULL,NULL,NULL,4200),(83,22,'BORBON','UNIDAD EDUCATIVA FISCOMISIONAL SANTA MARÍA GORETTI','KM 1 VÍA A BORBON',39,6,6,12,7,12,7,12,NULL,NULL,NULL,3915),(84,23,'SAN JOSE DE CAYAPAS','ESCUELA GENERAL BÁSICA \"RUMIÑAHUI\"','CALLES 24 DE MAYO Y SAN JOSÉ OBRERO',40,1,1,2,1,1,1,1,NULL,NULL,NULL,558),(85,23,'SAN JOSE DE CAYAPAS','UNIDAD EDUCATIVA \"HERCILIO PIANCHICHE OREJUELA\"','JORGE PICHOTA',41,1,1,2,1,1,1,1,NULL,NULL,NULL,512),(86,23,'SAN JOSE DE CAYAPAS','UNIDAD EDUCATIVA JOSE RICARDO MARTINEZ COBO','S/N',42,1,1,2,1,1,1,1,NULL,NULL,NULL,130),(87,23,'SAN JOSE DE CAYAPAS','ESCUELA GENERAL BASICA RAFAEL MARIA ARIZA','ELOY ALFARO',43,1,1,2,1,1,1,1,NULL,NULL,NULL,101),(88,24,'COLON ELOY DE MARIA','UNIDAD EDUCATIVA RAFAEL ASTUDILLO','AV. ESMERALDAS Y ANTONIO JOSE DE SUCRE',44,2,2,4,1,2,1,2,NULL,NULL,NULL,963),(89,25,'TIMBIRE','UNIDAD EDUCATIVA GONZALEZ S. CORDOVA','CALLES 30 DE MAYO',45,1,1,2,1,1,1,1,NULL,NULL,NULL,763),(90,26,'LA TOLA','UNIDAD EDUCATIVA LA TOLA','PEDRO VICENTE MALDONADO',46,4,3,7,1,3,1,4,NULL,NULL,NULL,2006),(91,26,'LA TOLA','ESCUELA FISCAL 17 DE DICIEMBRE','VIA PRINCIPAL A BORBON',47,1,1,2,1,1,1,1,NULL,NULL,NULL,305),(92,27,'LUIS VARGAS TORRES','UNIDAD EDUCATIVA RITA LECUMBERRY','CALLES LUIS VARGAS TORRES Y QUITO',48,1,1,2,1,1,1,1,NULL,NULL,NULL,376),(93,28,'MALDONADO','UNIDAD EDUVATIVA FISCAL PEDRO VICENTE MALDONADO','24 DE NOVIEMBRE Y ABDON CALDERON',49,2,3,5,1,3,1,2,NULL,NULL,NULL,1533),(94,29,'PAMPANAL DE BOLIVAR','ESCUELA DE EDUCACIÓN GENERAL BÁSICA MANUEL J. CALLE','CALLE SIN NOMBRE ENTRE COLOMBIA Y QUITO',50,1,1,2,1,1,1,1,NULL,NULL,NULL,644),(95,30,'SAN FRANCISCO DE ONZOLE','UNIDAD EDUCATIVA FISCAL \"SAN FRANCISCO DE ONZOLE\"','CALLES 4 DE OCTUBRE Y QUINTILIANO SANCHEZ',51,3,2,5,1,2,1,3,NULL,NULL,NULL,1390),(96,30,'SAN FRANCISCO DE ONZOLE','ESCUELA DE EDUCACION GENERAL BASICA AGUSTIN BEDON','GUAYAQUIL',52,1,1,2,1,1,1,1,NULL,NULL,NULL,128),(97,31,'SELVA ALEGRE','UNIDAD EDUCATIVA DOMINGO MEDINA ZURITA','CALLES DOMINGO MEDINA Y ALBA GODOY',53,2,2,4,1,2,1,2,NULL,NULL,NULL,897),(98,31,'SELVA ALEGRE','ESCUELA FISCAL PAULINA PERALTA','VIA ZAPALLITO',54,1,1,2,1,1,1,1,NULL,NULL,NULL,96),(99,32,'TELEMBI','ESCUELA GENERAL BÁSICA \"LEOPOLDO N. CHAVEZ\"','CALLE SIN NOMBRE',55,4,3,7,1,3,1,4,NULL,NULL,NULL,2213),(100,32,'TELEMBI','UNIDAD EDUCATIVA CECIB ATALAYA','CALLE PRINCIPAL',56,1,1,2,1,1,1,1,NULL,NULL,NULL,561),(101,32,'TELEMBI','CENTRO EDUCATIVO COMUNITARIO INTERCULTURAL BILINGUE \"JOSÉ ZAPATA\"','CALLE SIN NOMBRE',57,1,1,2,1,1,1,1,NULL,NULL,NULL,334),(102,32,'TELEMBI','ESCUELA INTERCULTURAL RÍO ZAPALLO','JEYAMBI',58,1,1,2,1,1,1,1,NULL,NULL,NULL,294),(103,32,'TELEMBI','ESCUELA GENERAL BÁSICA \"TEEKALI\"','ZONA GUALPI DEL CAYAPAS',59,1,1,2,1,1,1,1,NULL,NULL,NULL,105),(104,33,'SANTO DOMINGO DE ONZOLE','ESCUELA GENERAL BÁSICA \"GASTÓN FIGUEROA\"','CALLE QUITO Y AV. EL ESTERO',60,1,1,2,1,1,1,1,NULL,NULL,NULL,606),(105,33,'SANTO DOMINGO DE ONZOLE','UNIDAD EDUCATIVA GRAN COLOMBIA','CALLE SIN NOMBRE',61,1,1,2,1,1,1,1,NULL,NULL,NULL,482),(106,33,'SANTO DOMINGO DE ONZOLE','CENTRO EDUCATIVO COMUNITARIO \"GONZALO PIZARRO\"','CALLE SIN NOMBRE',62,1,1,2,1,1,1,1,NULL,NULL,NULL,80),(107,33,'SANTO DOMINGO DE ONZOLE','ESCUELA ROSENDO ORTIZ','CHACHI GUALPI DE ONZOLE',63,1,1,2,1,1,1,1,NULL,NULL,NULL,132),(108,33,'SANTO DOMINGO DE ONZOLE','ESCUELA ABDON CALDERON MUÑOZ','VÍA CHONTADURO',64,1,1,2,1,1,1,1,NULL,NULL,NULL,204),(109,33,'SANTO DOMINGO DE ONZOLE','UNIDAD EDUCATIVA JIBA JAKI','VÍA PIEDRA BLANCA',65,1,1,2,1,1,1,1,NULL,NULL,NULL,187),(110,34,'SANTA LUCIA DE LAS PEÑAS','UNIDAD EDUCATIVA CONCEPCION TEMBORY FE Y ALEGRIA','AV. PRINCIPAL LAS PEÑAS',66,2,2,4,1,2,1,2,NULL,NULL,NULL,990),(111,35,'VALDEZ/LIMONES/','UNIDAD EDUCATIVA CATOLICA FISCOMISIONAL PAULO VI','ALOY ALFARO JUAN PIO MONTUFAR Y 28 DE MAYO',67,4,3,7,1,3,1,4,NULL,NULL,NULL,2450),(112,35,'VALDEZ/LIMONES/','UNIDAD EDUCATIVA 16 DE OCTUBRE/ANTES ESCUELA MANUELA CAÑIZARES','CALLES JUAN PÍO MONTUFAR Y ELOY ALFARO',67,2,2,4,4,5,5,6,NULL,NULL,NULL,1400),(113,35,'VALDEZ/LIMONES/','UNIDAD EDUCATIVA 16 DE OCTUBRE/ANTES ESCUELA SIMON BOLIVAR Nro. 26','CALLE SUCRE Y 28 DE MAYO',67,3,4,7,6,9,7,9,NULL,NULL,NULL,2405),(114,36,'BOLIVAR','UNIDAD EDUCATIVA JOSE JOAQUIN DE OLMEDO','CALLES PABLO GONZALEZ Y ROQUE JAMA',68,1,1,2,1,1,1,1,NULL,NULL,NULL,728),(115,36,'BOLIVAR','ESCUELA GENERAL BÁSICA \"MAXIMINO INTRIAGO PATIÑO\"','AV. LAS MERCEDES',69,1,1,2,1,1,1,1,NULL,NULL,NULL,259),(116,37,'DAULE','ESCUELA GENERAL BÁSICA LUIS FELIPE BORJA','CALLES JUAN ESTRADA Y FILEMON GRACIA',70,2,2,4,1,2,1,2,NULL,NULL,NULL,1028),(117,37,'DAULE','ESCUELA EDUCACION GENERAL BASICA ALBERTO PERDOMO FRANCO','FLORENCIO INTRIAGO',71,1,1,2,1,1,1,1,NULL,NULL,NULL,278),(118,38,'GALERA','ESCUELA GENERAL BÁSICA \"GENERAL VILLAMIL\"','VÍA ESTERO DE PLATANO',72,2,2,4,1,2,1,2,NULL,NULL,NULL,975),(119,38,'GALERA','ESCUELA GENERAL BÁSICA \"VIÑA DEL MAR\"','VÍA PRINCIPAL/MALECON',73,1,1,2,1,1,1,1,NULL,NULL,NULL,229),(120,39,'QUINGUE','ESCUELA REPUBLICA DE FRANCIA','VÍA A LA PLAYA/QUINGUE',74,1,1,2,1,1,1,1,NULL,NULL,NULL,638),(121,40,'SALIMA','ESCUELA EDUCACION GENERAL BASICA MANABI','SALIMA VIA A ESMERALDAS',75,2,2,4,1,2,1,2,NULL,NULL,NULL,986),(122,41,'SAN FRANCISCO','UNIDAD EDUCATIVA SAN FRANCISCO DEL CABO','RUTA AL ESPONDILUS , CARRETERA PRINCIPAL',76,3,3,6,1,3,1,3,NULL,NULL,NULL,1717),(123,41,'SAN FRANCISCO','ESCUELA DE EDUCACIÓN GENERAL BÁSICA \"20 DE JULIO\"','VÍA A MUISNE',77,1,1,2,1,1,1,1,NULL,NULL,NULL,294),(124,42,'SAN GREGORIO','ESCUELA EDUCACION BASICA PRESIDENTE ROSSVELT','AV. ESMERALDAS',78,4,3,7,1,3,1,4,NULL,NULL,NULL,2173),(125,42,'SAN GREGORIO','ESCUELA FISCAL MIXTA FILOCLEZ MUÑOZ','S/N',79,1,1,2,1,1,1,1,NULL,NULL,NULL,556),(126,42,'SAN GREGORIO','ESCUELA EDUCACIÒN BASICA ATAHUALPA PERDOMO FRANCO','VIA PRINCIPAL 3 MARIAS',80,1,1,2,1,1,1,1,NULL,NULL,NULL,270),(127,42,'SAN GREGORIO','UNIDAD EDUCATIVA GABRIEL IRIARTE RÍOS','VÍA PRINCIPAL',81,1,1,2,1,1,1,1,NULL,NULL,NULL,737),(128,42,'SAN GREGORIO','UNIDAD EDUCATIVA BILINGUE \"JUAN LORENZO AÑAPA\"','CENTRO DEL PUEBLO',82,1,1,2,1,1,1,1,NULL,NULL,NULL,271),(129,43,'SAN JOSE DE CHAMANGA','UNIDAD EDUCATIVA \"CHAMANGA\"','18 DE OCTUBRE Y SAN GABRIEL',83,6,5,11,1,5,1,6,NULL,NULL,NULL,3473),(130,44,'MUISNE','UNIDAD EDUCATIVA \"MUISNE\"','VIA A NUEVO MUISNE Y EL RELLENO',84,3,3,6,1,3,1,3,NULL,NULL,NULL,2100),(131,44,'MUISNE','UNIDAD EDUCATIVA FISCOMISIONAL SAN LUIS GONZAGA','VICENTE ROCAFUERTE Y MANABI',84,4,3,7,4,6,4,7,NULL,NULL,NULL,2450),(132,44,'MUISNE','UNIDAD EDUCATIVA VICENTE ROCAFUERTE','VICENTE ROCAFUERTE',84,4,3,7,7,9,8,11,NULL,NULL,NULL,2450),(133,44,'MUISNE','ESCUELA HELLEN KALLER','ISIDRO AYORA Y JUAN MONTALVO',84,3,3,6,10,12,12,14,NULL,NULL,NULL,1841),(134,44,'MUISNE','UNIDAD EDUCATIVA MUISNE / ANTES E.G.B. ESTANISLAO REYNA TREJO','VÍA PRINCIPAL BARRIO NUEVO MUISNE',85,1,1,2,1,1,1,1,NULL,NULL,NULL,475),(135,44,'MUISNE','UNIDAD EDUCATIVA VICENTE TOBAR JARRIN','CALLE PRINCIPAL VIA BILSA TRES MARIAS',86,1,1,2,1,1,1,1,NULL,NULL,NULL,159),(136,45,'CUBE / CHANCAMA','UNIDAD EDUCATIVA REPUBLICA DE CUBA','ESMERALDAS Y 23 DE OCTUBRE',87,5,4,9,1,4,1,5,NULL,NULL,NULL,2971),(137,45,'CUBE / CHANCAMA','UNIDAD EDUCATIVA ARMADA NACIONAL','CUBE-CHANCAMA',88,1,1,2,1,1,1,1,NULL,NULL,NULL,185),(138,46,'CHURA','ESCUELA DE ESDUCACIÓN GENERAL BÁSICA ANGELO PATRY','VÍA PRINCIPAL , CALLE WALTER CAMPOS',89,2,2,4,1,2,1,2,NULL,NULL,NULL,1339),(139,47,'LA UNION','ESCUELA GENERAL BASICA JHON F. KENEDDY','R. CAJEAGO Y AV. VICTOR MANUEL ANGULO ENTRE A. QUITO Y AV. 10 DE AGOSTO',90,3,2,5,1,2,1,3,NULL,NULL,NULL,1750),(140,47,'LA UNION','UNIDAD EDUCATIVA QUITO','AVENIDA QUITO Y AMBATO',90,4,3,7,3,5,4,7,NULL,NULL,NULL,2450),(141,47,'LA UNION','UNIDAD EDUCATIVA LA UNION','CALLE PRINCIPAL VIA A SANTO DOMINGO Y ANDRADE MARIN',90,4,4,8,6,9,8,11,NULL,NULL,NULL,2800),(142,47,'LA UNION','UNIDAD EDUCATIVA FISCOMISIONAL CATOLICA SANTA MARIA DE NAZARET','BARRIO LAS CAJEANAS',90,3,4,7,10,13,12,14,NULL,NULL,NULL,2450),(143,47,'LA UNION','UNIDAD EDUCATIVA NUESTRA SEÑORA DEL CISNE','VIA A LA CONCORDIA CALLE PRINCIPAL',90,4,4,8,14,17,15,18,NULL,NULL,NULL,2443),(144,47,'LA UNION','ESCUELA DE EDUCACIÓN GENERAL BÁSICA \"CARLOS ANDRADE DE MARIN\"','VIA QUININDE - SANTO DOMINGO',91,2,2,4,1,2,1,2,NULL,NULL,NULL,1349),(145,47,'LA UNION','ESCUELA FISCAL MIXTA 15 DE AGOSTO','CALLES JORGE CHIRIBOGA Y ELOY ALFARO',92,2,2,4,1,2,1,2,NULL,NULL,NULL,883),(146,47,'LA UNION','ESCUELA FISCAL MIXTA SOBERANIA ESMERALDEÑA','CALLE 24 DE DICIEMBRE',93,1,1,2,1,1,1,1,NULL,NULL,NULL,244),(147,47,'LA UNION','ESCUELA FISCAL MIXTA MIGUEL RIOFRIO','VIA A LA CUCARACHA',94,1,1,2,1,1,1,1,NULL,NULL,NULL,368),(148,47,'LA UNION','ESCUELA FISCAL DR. CARLOS CUEVA TAMARIZ','VIA MONTERREY',95,1,1,2,1,1,1,1,NULL,NULL,NULL,238),(149,47,'LA UNION','ESCUELA EDUCACIÓN GENERAL BÁSICA CIUDAD DE AMBATO','VIA A RÌO BLANCO BARRIO LOS RÍOS',96,1,1,2,1,1,1,1,NULL,NULL,NULL,330),(150,47,'LA UNION','ESCUELA GENERAL BÁSICA NUEVO AZUAY','ZONA NUEVO AZUAY',97,1,1,2,1,1,1,1,NULL,NULL,NULL,264),(151,47,'LA UNION','ESCUELA FISCAL MIXTA CORONEL RAMON VALDEZ CERVANTES','AV. 24 DE OCTUBRE',98,1,1,2,1,1,1,1,NULL,NULL,NULL,105),(152,47,'LA UNION','ESCUELA DE EDUCACION GENERAL BASICA FISCAL CORNELIO MERIZALDE','EL BELEN, CALLE MARIA AUXILIADORA, BARRIO CENTRAL',99,1,1,2,1,1,1,1,NULL,NULL,NULL,133),(153,47,'LA UNION','UNIDAD EDUCATIVA JAIME ROLDOS AGUIERA','AV. 3 DE JULIO',100,1,1,2,1,1,1,1,NULL,NULL,NULL,174),(154,48,'MALIMPIA / GUAYLLABAMBA','ANTIGUA ESCUELA GENERAL BASICA FEDERICO GONZALEZ SUAREZ','AV. ELIAZAR CORTEZ Y CARMEN QUINTERO',101,4,3,7,1,3,1,4,NULL,NULL,NULL,2450),(155,48,'MALIMPIA / GUAYLLABAMBA','COLISEO DE LA JUNTA PARROQUIAL DE MALIMPIA','CENTRO POBLADO DE MALIMPIA',101,2,2,4,4,5,5,6,NULL,NULL,NULL,1322),(156,48,'MALIMPIA / GUAYLLABAMBA','ESCUELA DE EDUCACIÓN GENERAL BÁSICA 5 DE JUNIO','VIA LA T',102,2,2,4,1,2,1,2,NULL,NULL,NULL,869),(157,48,'MALIMPIA / GUAYLLABAMBA','ESCUELA FISCAL MIXTA JOSE BENIGNO PALACIOS','VÍA PRINCIPAL',103,1,1,2,1,1,1,1,NULL,NULL,NULL,322),(158,48,'MALIMPIA / GUAYLLABAMBA','ESCUELA FISCAL GABRIELA MISTRAL','AV. LAS PALMAS',104,1,2,3,1,2,1,1,NULL,NULL,NULL,814),(159,48,'MALIMPIA / GUAYLLABAMBA','COLEGIO TÉCNICO AGROPECUARIO CULTURAL BILINGUE RÍO CANANDE','VIA PRINCIPAL NARANJAL DE LOS CHACHIS',105,1,1,2,1,1,1,1,NULL,NULL,NULL,317),(160,48,'MALIMPIA / GUAYLLABAMBA','ESCUELA EDUCACIÓN GENERAL BÁSICA EDEN SADE','SIN NOMBRE',106,3,2,5,1,2,1,3,NULL,NULL,NULL,1565),(161,48,'MALIMPIA / GUAYLLABAMBA','UNIDAD EDUCATIVA SERAFINA QUINTERO','VÍA COLE',107,1,1,2,1,1,1,1,NULL,NULL,NULL,301),(162,48,'MALIMPIA / GUAYLLABAMBA','ESCUELA GENERAL BÁSICA \"PROVINCIA ESMERALDAS\"/ ANTES E.G.B. ALONSO ROJAS','VIA AL SADE',108,1,1,2,1,1,1,1,NULL,NULL,NULL,264),(163,48,'MALIMPIA / GUAYLLABAMBA','ESCUELA FISCAL MIXTA LUZ DE CANANDE','AV. PRINCIPAL S/N',109,1,1,2,1,1,1,1,NULL,NULL,NULL,147),(164,48,'MALIMPIA / GUAYLLABAMBA','UNIDAD EDUCATIVA BATALLA DE PICHINCHA/ ANTES CENTRO EDUCATIVO FISCAL MIXTA PAQUISHA','5 DE AGOSTO Y QUITO',110,2,2,4,1,2,1,2,NULL,NULL,NULL,1389),(165,48,'MALIMPIA / GUAYLLABAMBA','ESCUELA EDUCACIÓN GENERAL BÁSICA 28 DE SEPTIEMBRE','CLL PADRE BRUNO ESTRAGIERE',111,1,1,2,1,1,1,1,NULL,NULL,NULL,253),(166,48,'MALIMPIA / GUAYLLABAMBA','UNIDAD EDUCATIVA INTERCULTURAL BILINGUE DE LA LENGUA \"BATALLA DE TARQUI\"','VÍA PRINCIPAL JOSE ESPIRITU',112,1,1,2,1,1,1,1,NULL,NULL,NULL,122),(167,48,'MALIMPIA / GUAYLLABAMBA','ESCUELA DE EDUCACIÓN GENERAL BÁSICA LUZ Y VIDA','VÍA PRINCIPAL',113,1,1,2,1,1,1,1,NULL,NULL,NULL,107),(168,48,'MALIMPIA / GUAYLLABAMBA','ESCUELA GENERAL DE EDUCACIÓN BÁSICA \"ISABEL DE SANTIAGO\"','CENTRO',114,1,1,2,1,1,1,1,NULL,NULL,NULL,158),(169,48,'MALIMPIA / GUAYLLABAMBA','ESCUELA EDUCACIÓN GENERAL BÁSICA CAMILO PONCE ENRIQUE','VÍA PRINCIPAL',115,1,1,2,1,1,1,1,NULL,NULL,NULL,460),(170,49,'VICHE','UNIDAD EDUCATIVA FISCOMISIONAL CRISTO REDENTOR','JULIO ESTUPIÑAN Y CALLE ALBERTO FERRI',116,6,5,11,1,5,1,6,NULL,NULL,NULL,3850),(171,49,'VICHE','UNIDAD EDUCATIVA TARQUI','VIA A ESMERALDAS, CALLE TARQUI Y CARLOS ANIBAL',116,4,4,8,6,9,7,10,NULL,NULL,NULL,2852),(172,50,'ROSA ZARATE','UNIDAD EDUCATIVA 9 DE OCTUBRE','JUAN VELASQUEZ Y MACLOVIO CEVALLOS',117,7,7,14,1,7,1,7,NULL,NULL,NULL,4900),(173,50,'ROSA ZARATE','UNIDAD EDUCATIVA FISCOMISIONAL JUAN XXIII/ ANTES COLG. SAGRADO CORAZÓN','AV. 6 DE DICIEMBRE Y CALLE JIMMY ANCHICO',117,7,7,14,8,14,8,14,NULL,NULL,NULL,4900),(174,50,'ROSA ZARATE','UNIDAD EDUCATIVA FISCOMISIONAL JUAN XXIII','AV. 6 DE DICIEMBRE Y CALLE JIMMY ANCHICO',117,7,7,14,15,21,15,21,NULL,NULL,NULL,4900),(175,50,'ROSA ZARATE','ESCUELA DE EDUCACIÓN GENERAL BÁSICA 3 DE JULIO','CALLES 3 DE JULIO Y ONCEAVA TRANSVERSAL Y AV LOS DOS PUESNTES',117,8,8,16,22,29,22,29,NULL,NULL,NULL,5600),(176,50,'ROSA ZARATE','ESCUELA DE EDUCACIÓN GENERAL BÁSICA PARTICULAR DR. JOSÉ MARÍA VELASCO IBARRA','AV. 5 DE AGOSTO',117,2,2,4,30,31,30,31,NULL,NULL,NULL,1400),(177,50,'ROSA ZARATE','ESCUELA GENERAL BÁSICA PARTICULAR DOCTOR CAMILO GALLEGOS','AV. 6 DE DICIEMBRE Y CALLE LA NOVENA',117,3,3,6,32,34,32,34,NULL,NULL,NULL,2100),(178,50,'ROSA ZARATE','UNIDAD EDUCATIVA SIMÓN PLATA TORRES','AV. 6 DE DICEIMBRE Y CALLE LUZ MURILLO',117,9,6,15,35,40,35,43,NULL,NULL,NULL,5250),(179,50,'ROSA ZARATE','UNIDAD EDUCATIVA QUININDE/ ANTES COLG. AGROPECUARIO QUININDE','VÍA A SANTO DOMINGO KM 1 1/2',117,5,2,7,41,42,44,48,NULL,NULL,NULL,2450),(180,50,'ROSA ZARATE','DIRECCION MUNICIPAL DE TRANSITO DE QUININDE','ATANACO NIEVES Y 27 DE NOVIEMBRE',117,3,3,6,43,45,49,51,NULL,NULL,NULL,2100),(181,50,'ROSA ZARATE','UNIDAD EDUCATIVA PARTICULAR JAMBELI','BARRIO VALLE ALTO',117,5,5,10,46,50,52,56,NULL,NULL,NULL,3500),(182,50,'ROSA ZARATE','COLISEO RAUL VIZCARRA','VIA A SANTO DOMINGO KM 1 1/2',117,5,5,10,51,55,57,61,NULL,NULL,NULL,3500),(183,50,'ROSA ZARATE','UNIDAD EDUCATIVA ANDRES F. CORDOVA','AV. GUALLABAMBA Y ANIMIA QUIÑONEZ',117,5,5,10,56,60,62,66,NULL,NULL,NULL,3500),(184,50,'ROSA ZARATE','UNIDAD EDUCATIVA ANDRES F CORDOVA/ ANTIGUO LOCAL ESCUELA CARLOS MONTUFAR','BARRIO BENITES NIEVES Y 18 DE OCTUBRE',117,3,3,6,61,63,67,69,NULL,NULL,NULL,2100),(185,50,'ROSA ZARATE','UNIDAD EDUCATIVA ALEJANDRO OTOYA BRIONES','VIA A GUALLABAMBA',117,5,5,10,64,68,70,74,NULL,NULL,NULL,3500),(186,50,'ROSA ZARATE','ESCUELA EGB PATRIA NUEVA','MAXIMILIANO QUIÑONEZ Y PATRIA NUEVA',117,5,4,9,69,72,75,79,NULL,NULL,NULL,2640),(187,50,'ROSA ZARATE','UNIDAD EDUCATIVA FISCAL NUEVA JERUSALEN','AV PRINCIPAL',118,1,1,2,1,1,1,1,NULL,NULL,NULL,632),(188,50,'ROSA ZARATE','UNIDAD EDUCATIVA 12 DE ENERO','VÍA PRINCIPAL',119,1,1,2,1,1,1,1,NULL,NULL,NULL,707),(189,50,'ROSA ZARATE','ESCUELA DE EDUCACIÓN GENERAL BÁSICA \"SAN RAMON\"','VIA Y DE LA LAGUNA DE HERRERA',120,2,1,3,1,1,1,2,NULL,NULL,NULL,870),(190,50,'ROSA ZARATE','UNIDAD EDUCATIVA FISCAL \"CIUDAD DE GUARANDA\"','VÍA LA Y DE LA LAGUNA',121,1,1,2,1,1,1,1,NULL,NULL,NULL,184),(191,50,'ROSA ZARATE','ESCUELA GENERAL BÁSICA VELASQUEZ KUFFO/ANTES UNIDAD EDUCATIVA LOS ANDES','CALLE PRINCIPAL BARRIO LA PRIMAVERA',122,1,1,2,1,1,1,1,NULL,NULL,NULL,328),(192,50,'ROSA ZARATE','UNIDAD EDUCATIVA PARTICULAR CATÓLICA \"SAGRADA FAMILIA DE NAZARET\"','AV. JORGE CHIRIBOGA',123,1,1,2,1,1,1,1,NULL,NULL,NULL,489),(193,50,'ROSA ZARATE','ESCUELA FISCAL MIXTA 10 DE AGOSTO','VÍA A PUEBLO NUEVO',124,1,1,2,1,1,1,1,NULL,NULL,NULL,238),(194,51,'ALTO TAMBO/GUADAL','ESCUELA GENERAL BASICA LIZARDO GOYES BENITEZ','AV. PANAMERICANA',125,2,1,3,1,1,1,2,NULL,NULL,NULL,804),(195,51,'ALTO TAMBO/GUADAL','CASA COMUNAL','CALLE PRINCIPAL Y CALLE S/N',126,1,1,2,1,1,1,1,NULL,NULL,NULL,175),(196,52,'ANCON/PALMA REAL','UNIDAD EDUCATIVA ANCON DE SARDINAS','ALVARO ESTACIO ENTRE MANUELA CAÑIZARES Y 9 DE OCTUBRE',127,2,2,4,1,2,1,2,NULL,NULL,NULL,1056),(197,52,'ANCON/PALMA REAL','ESCUELA GENERAL BÁSICA \"ANTONIO ALMEIDA\"','CALLE S/N Y CALLE S/N',128,1,1,2,1,1,1,1,NULL,NULL,NULL,281),(198,53,'CALDERON','ESCUELA DE EDUCACION GENERAL BASICA ABDON CALDERON','AV. 5 DE AGOSTO',129,1,1,2,1,1,1,1,NULL,NULL,NULL,534),(199,54,'CARONDELET','UNIDAD EDUCATIVA BARON DE CARONDELET','23 DE OCTUBRE Y 2 DE MARZO',130,1,1,2,1,1,1,1,NULL,NULL,NULL,708),(200,54,'CARONDELET','ESCUELA GENERAL BASICA REMIGIO CRESPO TORAL','VIA FERROCARRIL Y VIA BOGOTA',131,1,1,2,1,1,1,1,NULL,NULL,NULL,389),(201,55,'5 DE JUNIO/HUIMBI','ESCUELA DE EDUCACIÓN GENERAL BÁSICA \"JUAN SALINAS\"','AV. PRINCIPAL',132,1,1,2,1,1,1,1,NULL,NULL,NULL,237),(202,56,'CONCEPCION','UNIDAD EDUCATIVA TARCILA BEDON BATIOJA / ANTES ESCUELA JUAN PIO MONTUFAR','BOLIVAR Y ABDON CALDERON',133,2,1,3,1,1,1,2,NULL,NULL,NULL,830),(203,56,'CONCEPCION','ESCUELA EDUCACIÓN GENERAL BÁSICA \"JOSÉ PLACIDO CAAMAÑO\"','AV. PRINCIPAL',134,1,1,2,1,1,1,1,NULL,NULL,NULL,171),(204,56,'CONCEPCION','ESCUELA DE EDUCACIÓN GENERAL BÁSICA \"4 DE OCTUBRE\"','AV. PRINCIPAL',135,1,1,2,1,1,1,1,NULL,NULL,NULL,166),(205,56,'CONCEPCION','ESCUELA 12 DE OCTUBRE','S/N',136,1,1,2,1,1,1,1,NULL,NULL,NULL,125),(206,57,'MATAJE','ESCUELA DE EDUCACION GENERAL BASICA FISCAL MI PATRIA','PALESEMA',137,1,1,2,1,1,1,1,NULL,NULL,NULL,557),(207,57,'MATAJE','ESCUELA DE E.G.B. LUCIANO GERMAN NASTACUAZ','AV. PRINCIPAL Y CALLE S/N',138,1,1,2,1,1,1,1,NULL,NULL,NULL,191),(208,57,'MATAJE','ESCUELA DE EDUCACION GENERAL BASICA SEGUNDO MARCOS CABEZAS','VIA A MATAJE',139,1,1,2,1,1,1,1,NULL,NULL,NULL,188),(209,58,'SAN JAVIER DE CACHABI','UNIDAD EDUCATIVA IBARRA','FERROVIARIA Y LAS ALMENDRAS',140,1,1,2,1,1,1,1,NULL,NULL,NULL,453),(210,58,'SAN JAVIER DE CACHABI','ESCUELA FISCAL ANA VILLAMIL ICAZA','9 DE OCTUBRE',141,1,1,2,1,1,1,1,NULL,NULL,NULL,114),(211,59,'SANTA RITA','ESCUELA GENERAL JULIO ANDRADE','JULIO ANDRADE Y 10 DE AGOSTO',142,1,1,2,1,1,1,1,NULL,NULL,NULL,508),(212,59,'SANTA RITA','ESCUELA DE EDUCACIÓN BÁSICA \"JOSE GABRIEL BATALLAS\"','CALLE ABAD CAICEDO - MALECON',143,1,1,2,1,1,1,1,NULL,NULL,NULL,649),(213,60,'TAMBILLO','ESCUELA DE EDUCACIÓN GENERAL BÁSICA FISCAL \"PEDRO MONCAYO\"','CALLE SIN NOMBRE',144,2,2,4,1,2,1,2,NULL,NULL,NULL,869),(214,60,'TAMBILLO','ESCUELA EDUCACION BASICA JOSE ABEL CASTILLO','CALLE NUESTRA SEÑORA DE GUADALUPE',145,1,1,2,1,1,1,1,NULL,NULL,NULL,409),(215,61,'TULULBI /RICAURTE','UNIDAD EDUCATIVA \"TULULBI\" / ANTES ESCUELA PANAMERICANA NRO. 7','OTILINO BASTIDAS Y SUCRE',146,2,2,4,1,2,1,2,NULL,NULL,NULL,1404),(216,61,'TULULBI /RICAURTE','CENTRO EDUCATIVO COMUNITARIO INTERCULTRAL BILINGUE COZOPANGUI','GABRIEL NIÑO Y 12 DE OCTUBRE',147,1,1,2,1,1,1,1,NULL,NULL,NULL,164),(217,61,'TULULBI /RICAURTE','CENTRO EDUCATIVO INTERCULTURAL BILINGUE MOISES CANTICUZ','CENTRO POBLADO',148,1,1,2,1,1,1,1,NULL,NULL,NULL,81),(218,61,'TULULBI /RICAURTE','CENTRO EDUCATIVO SANTA ROSA','VIA RECINTO EL PAN',149,1,1,2,1,1,1,1,NULL,NULL,NULL,120),(219,62,'URBINA','UNIDAD EDUCATIVA LUIS CADENA','VIA FERREA CALLE 27 DE SEPTIEMBRE Y LA PAZ',150,2,1,3,1,1,1,2,NULL,NULL,NULL,783),(220,63,'SAN LORENZO','UNIDAD EDUCATIVA \"22 DE MARZO\"','AV. PADRE LINO CAMPEZAN ENTRE 22 DE MARZO Y ANGELA PAREDES',151,6,7,13,1,7,1,6,NULL,NULL,NULL,4550),(221,63,'SAN LORENZO','UNIDAD EDUCATIVA MARISCAL SUCRE','CALLES IMBABURA Y TÁCITO ORTIZ',151,7,7,14,8,14,7,13,NULL,NULL,NULL,4900),(222,63,'SAN LORENZO','ESCUELA DE EDUCACIÓN GENERAL BÁSICA 26 DE AGOSTO','AV. 26 DE AGOSTO Y CALLE 10 DE AGOSTO',151,7,7,14,15,21,14,20,NULL,NULL,NULL,4900),(223,63,'SAN LORENZO','UNIDAD EDUCATIVA FISCOMISIONAL 10 DE AGOSTO','CALLES 10 DE AGOSTO ENTRE RIO SANTIAGO Y AV ESMERALDAS',151,7,7,14,22,28,21,27,NULL,NULL,NULL,4767),(224,64,'TONSUPA','COLEGIO DE BACHILLERATO FISCAL NELSON ESTUPIÑAN BASS','SECTOR PLAYA AZUL 300M SALIDA A LA PLAYA',152,3,4,7,1,4,1,3,'5787457465','ghfmkjm','5353',2450),(225,64,'TONSUPA','ESCUELA EGB ZOILA UGARTE DE LANDIVAR','ENTRADA VILLA RICA, TONSUPA',152,4,4,8,5,8,4,7,NULL,NULL,NULL,2800),(226,64,'TONSUPA','ESCUELA EGB JAIME ROLDOS AGUILERA','LAS TECAS ENTRE ORQUIDEAS Y LAS ROSAS',152,4,4,8,9,12,8,11,NULL,NULL,NULL,2560),(227,64,'TONSUPA','ESCUELA MIXTA 1 DE MAYO','VIA PRINCIPAL TASECHE',153,1,1,2,1,1,1,1,NULL,NULL,NULL,65),(228,65,'LA UNION','UNIDAD EDUCATIVA CESAR PLAZA MONZON','CALLES 13 DE NOVIEMBRE Y RIO ATACAMES',154,4,3,7,1,3,1,4,NULL,NULL,NULL,2239),(229,66,'SUA/BOCANA','UNIDAD EDUCATIVA FISCAL \"BALNEARIO DE SUA\"','VÍA A MUISNE',155,5,5,10,1,5,1,5,NULL,NULL,NULL,3023),(230,67,'TONCHIGUE','COLEGIO DE BACHILLERATO FISCAL TONCHIGUE','CALLE PRINCIPAL VÍA A MUISNE Y CALLE SECUNDARIA BALTAZAR CUSME',156,6,5,11,1,5,1,6,NULL,NULL,NULL,3850),(231,67,'TONCHIGUE','ESCUELA DE EDUCACION GENERAL BASICA QUITO','BALTAZAR CUSME',156,4,4,8,6,9,7,10,NULL,NULL,NULL,2461),(232,67,'TONCHIGUE','ESCUELA DE EDUCACIÓN GENERAL BÁSICA FISCAL \"CIUDAD DE SAN LORENZO\"','EL PARTIDERO VIA A CHIPA',157,1,1,2,1,1,1,1,NULL,NULL,NULL,196),(233,67,'TONCHIGUE','ESCUELA DE EDUCACIÓN BÁSICA \"ADALBERTO ORTIZ QUIÑONEZ\"','VIA PRINCIPAL A MUISNE Y SAN JOSE',158,1,1,2,1,1,1,1,NULL,NULL,NULL,195),(234,68,'ATACAMES','UNIDAD EDUCATIVA ATACAMES','VIA PRINCIPAL A SUA',159,7,7,14,1,7,1,7,NULL,NULL,NULL,4900),(235,68,'ATACAMES','ESCUELA DE EDUCACIÓN GENERAL BÁSICA \"ATAHUALPA\"','VIA PRINCIPAL Y CALLE OLMEDO',159,5,5,10,8,12,8,12,NULL,NULL,NULL,3500),(236,68,'ATACAMES','UNIDAD EDUCATIVA FISCOMISIONAL ESTRELLA DEL MAR','VÍA ATACAMES',159,5,4,9,13,16,13,17,NULL,NULL,NULL,3150),(237,68,'ATACAMES','UNIDAD EDUCATIVA LCDA. AGUEDA GONZALEZ QUIÑONEZ','VIA PRINCIPAL A SUA',159,5,5,10,17,21,18,22,NULL,NULL,NULL,3510),(238,68,'ATACAMES','UNIDAD EDUCATIVA GENERAL BÁSICA \"AZUAY\"','ENTRADA A TASECHE',160,1,1,2,1,1,1,1,NULL,NULL,NULL,45),(239,68,'ATACAMES','UNIDAD EDUCATIVA \"ESMERALDAS\"','VIA A SALIMA',161,1,1,2,1,1,1,1,NULL,NULL,NULL,115);
/*!40000 ALTER TABLE `recintos` ENABLE KEYS */;
UNLOCK TABLES;

--
-- Table structure for table `tipo_usuario`
--

DROP TABLE IF EXISTS `tipo_usuario`;
/*!40101 SET @saved_cs_client     = @@character_set_client */;
/*!50503 SET character_set_client = utf8mb4 */;
CREATE TABLE `tipo_usuario` (
  `idtipo_usuario` int(11) NOT NULL AUTO_INCREMENT,
  `nombre_tipo_usuario` varchar(500) COLLATE utf8_unicode_ci DEFAULT NULL,
  `activo` bit(1) DEFAULT NULL,
  PRIMARY KEY (`idtipo_usuario`)
) ENGINE=InnoDB AUTO_INCREMENT=6 DEFAULT CHARSET=utf8 COLLATE=utf8_unicode_ci;
/*!40101 SET character_set_client = @saved_cs_client */;

--
-- Dumping data for table `tipo_usuario`
--

LOCK TABLES `tipo_usuario` WRITE;
/*!40000 ALTER TABLE `tipo_usuario` DISABLE KEYS */;
INSERT INTO `tipo_usuario` VALUES (1,'superadministrador',_binary ''),(2,'administrador',_binary ''),(3,'digitador',_binary ''),(4,'visualizador',_binary ''),(5,'conteo rápido',_binary '');
/*!40000 ALTER TABLE `tipo_usuario` ENABLE KEYS */;
UNLOCK TABLES;

--
-- Table structure for table `usuario`
--

DROP TABLE IF EXISTS `usuario`;
/*!40101 SET @saved_cs_client     = @@character_set_client */;
/*!50503 SET character_set_client = utf8mb4 */;
CREATE TABLE `usuario` (
  `idusuario` int(11) NOT NULL AUTO_INCREMENT,
  `nombres` varchar(200) COLLATE utf8_unicode_ci DEFAULT NULL,
  `usuario` varchar(200) COLLATE utf8_unicode_ci DEFAULT NULL,
  `fr_id_provincia` int(11) DEFAULT NULL,
  `provincia_nombre` varchar(200) COLLATE utf8_unicode_ci DEFAULT NULL,
  `fr_id_tipo_usuario` int(11) DEFAULT NULL,
  `es_provincial` tinyint(4) DEFAULT NULL,
  `fr_id_canton` int(11) DEFAULT NULL,
  `es_cantonal` tinyint(4) DEFAULT NULL,
  `tipo_usu_nombre` varchar(150) COLLATE utf8_unicode_ci DEFAULT NULL,
  `login` varchar(200) COLLATE utf8_unicode_ci DEFAULT NULL,
  `clave` varchar(150) COLLATE utf8_unicode_ci DEFAULT NULL,
  `activo` tinyint(4) DEFAULT NULL,
  `usu_ui` datetime DEFAULT NULL,
  `usu_fi` datetime DEFAULT NULL,
  `usu_um` datetime DEFAULT NULL,
  PRIMARY KEY (`idusuario`),
  KEY `fk_usuario_tipo_usuario` (`fr_id_tipo_usuario`),
  KEY `fk_usuario_provincia` (`fr_id_provincia`),
  KEY `fk_usuario_conton_pert_idx` (`fr_id_canton`),
  CONSTRAINT `fk_usuario_conton_pert` FOREIGN KEY (`fr_id_canton`) REFERENCES `cantones` (`cod_canton`) ON DELETE NO ACTION ON UPDATE NO ACTION,
  CONSTRAINT `fk_usuario_provincia` FOREIGN KEY (`fr_id_provincia`) REFERENCES `provincia` (`cne_cod_prov`) ON DELETE NO ACTION ON UPDATE NO ACTION,
  CONSTRAINT `fk_usuario_tipo_usuario` FOREIGN KEY (`fr_id_tipo_usuario`) REFERENCES `tipo_usuario` (`idtipo_usuario`) ON DELETE NO ACTION ON UPDATE NO ACTION
) ENGINE=InnoDB AUTO_INCREMENT=2 DEFAULT CHARSET=utf8 COLLATE=utf8_unicode_ci;
/*!40101 SET character_set_client = @saved_cs_client */;

--
-- Dumping data for table `usuario`
--

LOCK TABLES `usuario` WRITE;
/*!40000 ALTER TABLE `usuario` DISABLE KEYS */;
INSERT INTO `usuario` VALUES (1,'DUBAL QUEVEDO','administrador',8,'ESMERALDAS',1,1,3,0,'superadministrador','91f5167c34c400758115c2a6826ec2e3','0272e285812fdd749adabd7fc6abc0a5',1,'2022-06-30 18:00:08','2019-03-10 04:39:04','2022-06-30 18:00:08');
/*!40000 ALTER TABLE `usuario` ENABLE KEYS */;
UNLOCK TABLES;
/*!50003 SET @saved_cs_client      = @@character_set_client */ ;
/*!50003 SET @saved_cs_results     = @@character_set_results */ ;
/*!50003 SET @saved_col_connection = @@collation_connection */ ;
/*!50003 SET character_set_client  = utf8 */ ;
/*!50003 SET character_set_results = utf8 */ ;
/*!50003 SET collation_connection  = utf8_general_ci */ ;
/*!50003 SET @saved_sql_mode       = @@sql_mode */ ;
/*!50003 SET sql_mode              = 'STRICT_TRANS_TABLES,NO_AUTO_CREATE_USER,NO_ENGINE_SUBSTITUTION' */ ;
DELIMITER ;;
/*!50003 CREATE*/ /*!50017 DEFINER=`root`@`localhost`*/ /*!50003 TRIGGER `elec2020`.`usuario_BEFORE_INSERT` BEFORE INSERT ON `usuario` FOR EACH ROW
BEGIN
	set new.usu_fi=now();
    set new.usu_um=now();
END */;;
DELIMITER ;
/*!50003 SET sql_mode              = @saved_sql_mode */ ;
/*!50003 SET character_set_client  = @saved_cs_client */ ;
/*!50003 SET character_set_results = @saved_cs_results */ ;
/*!50003 SET collation_connection  = @saved_col_connection */ ;
/*!50003 SET @saved_cs_client      = @@character_set_client */ ;
/*!50003 SET @saved_cs_results     = @@character_set_results */ ;
/*!50003 SET @saved_col_connection = @@collation_connection */ ;
/*!50003 SET character_set_client  = utf8 */ ;
/*!50003 SET character_set_results = utf8 */ ;
/*!50003 SET collation_connection  = utf8_general_ci */ ;
/*!50003 SET @saved_sql_mode       = @@sql_mode */ ;
/*!50003 SET sql_mode              = 'STRICT_TRANS_TABLES,NO_AUTO_CREATE_USER,NO_ENGINE_SUBSTITUTION' */ ;
DELIMITER ;;
/*!50003 CREATE*/ /*!50017 DEFINER=`root`@`localhost`*/ /*!50003 TRIGGER `elec2020`.`usuario_BEFORE_UPDATE` BEFORE UPDATE ON `usuario` FOR EACH ROW
BEGIN
    set new.usu_um=now();
END */;;
DELIMITER ;
/*!50003 SET sql_mode              = @saved_sql_mode */ ;
/*!50003 SET character_set_client  = @saved_cs_client */ ;
/*!50003 SET character_set_results = @saved_cs_results */ ;
/*!50003 SET collation_connection  = @saved_col_connection */ ;

--
-- Table structure for table `zonas`
--

DROP TABLE IF EXISTS `zonas`;
/*!40101 SET @saved_cs_client     = @@character_set_client */;
/*!50503 SET character_set_client = utf8mb4 */;
CREATE TABLE `zonas` (
  `idzonas` int(11) NOT NULL AUTO_INCREMENT,
  `cod_parroquia` int(11) DEFAULT NULL,
  `parroquia_nombre` varchar(200) COLLATE utf8_unicode_ci DEFAULT NULL,
  `nombre_zona` varchar(200) COLLATE utf8_unicode_ci DEFAULT NULL,
  `est_parroquia` varchar(150) COLLATE utf8_unicode_ci DEFAULT NULL,
  `num_elec_zona` int(11) DEFAULT NULL,
  `num_elec_hombres_zona` int(11) DEFAULT NULL,
  `num_elec_mujeres_zona` int(11) DEFAULT NULL,
  `num_juntas` int(11) DEFAULT NULL,
  `num_junta_hombre` int(11) DEFAULT NULL,
  `num_junta_mujeres` int(11) DEFAULT NULL,
  `num_elec_zona_max` int(11) DEFAULT NULL,
  `num_junta_mujeres_ini` varchar(45) COLLATE utf8_unicode_ci DEFAULT NULL,
  `num_junta_mujeres_fin` varchar(45) COLLATE utf8_unicode_ci DEFAULT NULL,
  `num_junta_hombre_ini` int(11) DEFAULT NULL,
  `num_junta_hombre_fin` varchar(45) COLLATE utf8_unicode_ci DEFAULT NULL,
  PRIMARY KEY (`idzonas`),
  KEY `fk_zonas_1` (`cod_parroquia`),
  CONSTRAINT `fk_zonas_1` FOREIGN KEY (`cod_parroquia`) REFERENCES `parroquias` (`cod_parroquia`) ON DELETE NO ACTION ON UPDATE CASCADE
) ENGINE=InnoDB AUTO_INCREMENT=162 DEFAULT CHARSET=utf8 COLLATE=utf8_unicode_ci;
/*!40101 SET character_set_client = @saved_cs_client */;

--
-- Dumping data for table `zonas`
--

LOCK TABLES `zonas` WRITE;
/*!40000 ALTER TABLE `zonas` DISABLE KEYS */;
INSERT INTO `zonas` VALUES (1,1,NULL,'CAMARONES','R',NULL,NULL,NULL,NULL,NULL,NULL,NULL,NULL,NULL,NULL,NULL),(2,2,NULL,'CRNL.CARLOS CONCHA TORRES','R',NULL,NULL,NULL,NULL,NULL,NULL,NULL,NULL,NULL,NULL,NULL),(3,3,NULL,'CHINCA','R',NULL,NULL,NULL,NULL,NULL,NULL,NULL,NULL,NULL,NULL,NULL),(4,4,NULL,'MAJUA','R',NULL,NULL,NULL,NULL,NULL,NULL,NULL,NULL,NULL,NULL,NULL),(5,5,NULL,'SAN MATEO','R',NULL,NULL,NULL,NULL,NULL,NULL,NULL,NULL,NULL,NULL,NULL),(6,5,NULL,'TIMBRE','R',NULL,NULL,NULL,NULL,NULL,NULL,NULL,NULL,NULL,NULL,NULL),(7,6,NULL,'TABIAZO','R',NULL,NULL,NULL,NULL,NULL,NULL,NULL,NULL,NULL,NULL,NULL),(8,7,NULL,'TACHINA','R',NULL,NULL,NULL,NULL,NULL,NULL,NULL,NULL,NULL,NULL,NULL),(9,8,NULL,'VUELTA LARGA','R',NULL,NULL,NULL,NULL,NULL,NULL,NULL,NULL,NULL,NULL,NULL),(10,9,NULL,'BARTOLOME RUIZ','R',NULL,NULL,NULL,NULL,NULL,NULL,NULL,NULL,NULL,NULL,NULL),(11,10,NULL,'5 DE AGOSTO','R',NULL,NULL,NULL,NULL,NULL,NULL,NULL,NULL,NULL,NULL,NULL),(12,10,NULL,'PROPICIA 1','R',NULL,NULL,NULL,NULL,NULL,NULL,NULL,NULL,NULL,NULL,NULL),(13,10,NULL,'PROPICIA 4','R',NULL,NULL,NULL,NULL,NULL,NULL,NULL,NULL,NULL,NULL,NULL),(14,11,NULL,'ESMERALDAS','R',NULL,NULL,NULL,NULL,NULL,NULL,NULL,NULL,NULL,NULL,NULL),(15,11,NULL,'ISLA LUIS VARGAS TORRES','R',NULL,NULL,NULL,NULL,NULL,NULL,NULL,NULL,NULL,NULL,NULL),(16,12,NULL,'LUIS TELLO / LAS PALMAS /','R',NULL,NULL,NULL,NULL,NULL,NULL,NULL,NULL,NULL,NULL,NULL),(17,13,NULL,'SIMON PLATA TORRES','R',NULL,NULL,NULL,NULL,NULL,NULL,NULL,NULL,NULL,NULL,NULL),(18,13,NULL,'VALLE DE SAN RAFAEL','R',NULL,NULL,NULL,NULL,NULL,NULL,NULL,NULL,NULL,NULL,NULL),(19,13,NULL,'CASA BONITA','R',NULL,NULL,NULL,NULL,NULL,NULL,NULL,NULL,NULL,NULL,NULL),(20,13,NULL,'LA TOLITA','R',NULL,NULL,NULL,NULL,NULL,NULL,NULL,NULL,NULL,NULL,NULL),(21,14,NULL,'CHONTADURO','R',NULL,NULL,NULL,NULL,NULL,NULL,NULL,NULL,NULL,NULL,NULL),(22,14,NULL,'PARTIDERO','R',NULL,NULL,NULL,NULL,NULL,NULL,NULL,NULL,NULL,NULL,NULL),(23,15,NULL,'CHUMUNDE','R',NULL,NULL,NULL,NULL,NULL,NULL,NULL,NULL,NULL,NULL,NULL),(24,15,NULL,'CAPULÍ','R',NULL,NULL,NULL,NULL,NULL,NULL,NULL,NULL,NULL,NULL,NULL),(25,15,NULL,'MARIBÉ','R',NULL,NULL,NULL,NULL,NULL,NULL,NULL,NULL,NULL,NULL,NULL),(26,15,NULL,'RASCADERA','R',NULL,NULL,NULL,NULL,NULL,NULL,NULL,NULL,NULL,NULL,NULL),(27,15,NULL,'PERLA ESMERALDEÑA/SAN RUFINO','R',NULL,NULL,NULL,NULL,NULL,NULL,NULL,NULL,NULL,NULL,NULL),(28,16,NULL,'LAGARTO','R',NULL,NULL,NULL,NULL,NULL,NULL,NULL,NULL,NULL,NULL,NULL),(29,16,NULL,'BOCANA DEL LAGARTO','R',NULL,NULL,NULL,NULL,NULL,NULL,NULL,NULL,NULL,NULL,NULL),(30,16,NULL,'VAINILLA','R',NULL,NULL,NULL,NULL,NULL,NULL,NULL,NULL,NULL,NULL,NULL),(31,17,NULL,'MONTALVO / HORQUETA','R',NULL,NULL,NULL,NULL,NULL,NULL,NULL,NULL,NULL,NULL,NULL),(32,18,NULL,'ROCAFUERTE','R',NULL,NULL,NULL,NULL,NULL,NULL,NULL,NULL,NULL,NULL,NULL),(33,18,NULL,'CHUNGUILLO','R',NULL,NULL,NULL,NULL,NULL,NULL,NULL,NULL,NULL,NULL,NULL),(34,19,NULL,'RIO VERDE','R',NULL,NULL,NULL,NULL,NULL,NULL,NULL,NULL,NULL,NULL,NULL),(35,19,NULL,'CABUYAL','R',NULL,NULL,NULL,NULL,NULL,NULL,NULL,NULL,NULL,NULL,NULL),(36,20,NULL,'ANCHAYACU','R',NULL,NULL,NULL,NULL,NULL,NULL,NULL,NULL,NULL,NULL,NULL),(37,21,NULL,'ATAHUALPA/CAMARONES','R',NULL,NULL,NULL,NULL,NULL,NULL,NULL,NULL,NULL,NULL,NULL),(38,21,NULL,'JUAN MONTALVO','R',NULL,NULL,NULL,NULL,NULL,NULL,NULL,NULL,NULL,NULL,NULL),(39,22,NULL,'BORBON','R',NULL,NULL,NULL,NULL,NULL,NULL,NULL,NULL,NULL,NULL,NULL),(40,23,NULL,'SAN JOSE DE CAYAPAS','R',NULL,NULL,NULL,NULL,NULL,NULL,NULL,NULL,NULL,NULL,NULL),(41,23,NULL,'PICHIYACU CHACHI','R',NULL,NULL,NULL,NULL,NULL,NULL,NULL,NULL,NULL,NULL,NULL),(42,23,NULL,'PLAYA GRANDE','R',NULL,NULL,NULL,NULL,NULL,NULL,NULL,NULL,NULL,NULL,NULL),(43,23,NULL,'HERRADURA','R',NULL,NULL,NULL,NULL,NULL,NULL,NULL,NULL,NULL,NULL,NULL),(44,24,NULL,'COLON ELOY DE MARIA','R',NULL,NULL,NULL,NULL,NULL,NULL,NULL,NULL,NULL,NULL,NULL),(45,25,NULL,'TIMBIRE','R',NULL,NULL,NULL,NULL,NULL,NULL,NULL,NULL,NULL,NULL,NULL),(46,26,NULL,'LA TOLA','R',NULL,NULL,NULL,NULL,NULL,NULL,NULL,NULL,NULL,NULL,NULL),(47,26,NULL,'SAN PEDRO','R',NULL,NULL,NULL,NULL,NULL,NULL,NULL,NULL,NULL,NULL,NULL),(48,27,NULL,'LUIS VARGAS TORRES','R',NULL,NULL,NULL,NULL,NULL,NULL,NULL,NULL,NULL,NULL,NULL),(49,28,NULL,'MALDONADO','R',NULL,NULL,NULL,NULL,NULL,NULL,NULL,NULL,NULL,NULL,NULL),(50,29,NULL,'PAMPANAL DE BOLIVAR','R',NULL,NULL,NULL,NULL,NULL,NULL,NULL,NULL,NULL,NULL,NULL),(51,30,NULL,'SAN FRANCISCO DE ONZOLE','R',NULL,NULL,NULL,NULL,NULL,NULL,NULL,NULL,NULL,NULL,NULL),(52,30,NULL,'ZANCUDO','R',NULL,NULL,NULL,NULL,NULL,NULL,NULL,NULL,NULL,NULL,NULL),(53,31,NULL,'SELVA ALEGRE','R',NULL,NULL,NULL,NULL,NULL,NULL,NULL,NULL,NULL,NULL,NULL),(54,31,NULL,'PALMA REAL','R',NULL,NULL,NULL,NULL,NULL,NULL,NULL,NULL,NULL,NULL,NULL),(55,32,NULL,'TELEMBI','R',NULL,NULL,NULL,NULL,NULL,NULL,NULL,NULL,NULL,NULL,NULL),(56,32,NULL,'LOMA LINDA','R',NULL,NULL,NULL,NULL,NULL,NULL,NULL,NULL,NULL,NULL,NULL),(57,32,NULL,'CORRIENTE GRANDE','R',NULL,NULL,NULL,NULL,NULL,NULL,NULL,NULL,NULL,NULL,NULL),(58,32,NULL,'JEYAMBI','R',NULL,NULL,NULL,NULL,NULL,NULL,NULL,NULL,NULL,NULL,NULL),(59,32,NULL,'GUALPI DEL CAYAPAS','R',NULL,NULL,NULL,NULL,NULL,NULL,NULL,NULL,NULL,NULL,NULL),(60,33,NULL,'SANTO DOMINGO DE ONZOLE','R',NULL,NULL,NULL,NULL,NULL,NULL,NULL,NULL,NULL,NULL,NULL),(61,33,NULL,'COLON DE ONZOLE','R',NULL,NULL,NULL,NULL,NULL,NULL,NULL,NULL,NULL,NULL,NULL),(62,33,NULL,'CHACHI CAPULÍ','R',NULL,NULL,NULL,NULL,NULL,NULL,NULL,NULL,NULL,NULL,NULL),(63,33,NULL,'CHACHI GUALPÍ DE ONZOLE','R',NULL,NULL,NULL,NULL,NULL,NULL,NULL,NULL,NULL,NULL,NULL),(64,33,NULL,'HOJAS BLANCAS','R',NULL,NULL,NULL,NULL,NULL,NULL,NULL,NULL,NULL,NULL,NULL),(65,33,NULL,'HOJAS BLANCAS CHACHI','R',NULL,NULL,NULL,NULL,NULL,NULL,NULL,NULL,NULL,NULL,NULL),(66,34,NULL,'SANTA LUCIA DE LAS PEÑAS','R',NULL,NULL,NULL,NULL,NULL,NULL,NULL,NULL,NULL,NULL,NULL),(67,35,NULL,'VALDEZ/LIMONES/','R',NULL,NULL,NULL,NULL,NULL,NULL,NULL,NULL,NULL,NULL,NULL),(68,36,NULL,'BOLIVAR','R',NULL,NULL,NULL,NULL,NULL,NULL,NULL,NULL,NULL,NULL,NULL),(69,36,NULL,'MOMPICHE','R',NULL,NULL,NULL,NULL,NULL,NULL,NULL,NULL,NULL,NULL,NULL),(70,37,NULL,'DAULE','R',NULL,NULL,NULL,NULL,NULL,NULL,NULL,NULL,NULL,NULL,NULL),(71,37,NULL,'PEDRO CARBO','R',NULL,NULL,NULL,NULL,NULL,NULL,NULL,NULL,NULL,NULL,NULL),(72,38,NULL,'GALERA','R',NULL,NULL,NULL,NULL,NULL,NULL,NULL,NULL,NULL,NULL,NULL),(73,38,NULL,'ESTERO DE PLATANO','R',NULL,NULL,NULL,NULL,NULL,NULL,NULL,NULL,NULL,NULL,NULL),(74,39,NULL,'QUINGUE','R',NULL,NULL,NULL,NULL,NULL,NULL,NULL,NULL,NULL,NULL,NULL),(75,40,NULL,'SALIMA','R',NULL,NULL,NULL,NULL,NULL,NULL,NULL,NULL,NULL,NULL,NULL),(76,41,NULL,'SAN FRANCISCO','R',NULL,NULL,NULL,NULL,NULL,NULL,NULL,NULL,NULL,NULL,NULL),(77,41,NULL,'EL SALTO','R',NULL,NULL,NULL,NULL,NULL,NULL,NULL,NULL,NULL,NULL,NULL),(78,42,NULL,'SAN GREGORIO','R',NULL,NULL,NULL,NULL,NULL,NULL,NULL,NULL,NULL,NULL,NULL),(79,42,NULL,'BALSALITO','R',NULL,NULL,NULL,NULL,NULL,NULL,NULL,NULL,NULL,NULL,NULL),(80,42,NULL,'BOCA DEL SUCIO','R',NULL,NULL,NULL,NULL,NULL,NULL,NULL,NULL,NULL,NULL,NULL),(81,42,NULL,'TRES VIAS','R',NULL,NULL,NULL,NULL,NULL,NULL,NULL,NULL,NULL,NULL,NULL),(82,42,NULL,'SAN SALVADOR CHACHI','R',NULL,NULL,NULL,NULL,NULL,NULL,NULL,NULL,NULL,NULL,NULL),(83,43,NULL,'SAN JOSE DE CHAMANGA','R',NULL,NULL,NULL,NULL,NULL,NULL,NULL,NULL,NULL,NULL,NULL),(84,44,NULL,'MUISNE','R',NULL,NULL,NULL,NULL,NULL,NULL,NULL,NULL,NULL,NULL,NULL),(85,44,NULL,'NUEVO MUISNE','R',NULL,NULL,NULL,NULL,NULL,NULL,NULL,NULL,NULL,NULL,NULL),(86,44,NULL,'SAN PEDRO DE BILSA','R',NULL,NULL,NULL,NULL,NULL,NULL,NULL,NULL,NULL,NULL,NULL),(87,45,NULL,'CUBE / CHANCAMA','R',NULL,NULL,NULL,NULL,NULL,NULL,NULL,NULL,NULL,NULL,NULL),(88,45,NULL,'CHUCAPLE','R',NULL,NULL,NULL,NULL,NULL,NULL,NULL,NULL,NULL,NULL,NULL),(89,46,NULL,'CHURA','R',NULL,NULL,NULL,NULL,NULL,NULL,NULL,NULL,NULL,NULL,NULL),(90,47,NULL,'LA UNION','R',NULL,NULL,NULL,NULL,NULL,NULL,NULL,NULL,NULL,NULL,NULL),(91,47,NULL,'LA INDEPENDENCIA','R',NULL,NULL,NULL,NULL,NULL,NULL,NULL,NULL,NULL,NULL,NULL),(92,47,NULL,'LIBERTAD DE PLAYA','R',NULL,NULL,NULL,NULL,NULL,NULL,NULL,NULL,NULL,NULL,NULL),(93,47,NULL,'BOCANA DEL BUA','R',NULL,NULL,NULL,NULL,NULL,NULL,NULL,NULL,NULL,NULL,NULL),(94,47,NULL,'LA ESMERALDA','R',NULL,NULL,NULL,NULL,NULL,NULL,NULL,NULL,NULL,NULL,NULL),(95,47,NULL,'MATAMBA','R',NULL,NULL,NULL,NULL,NULL,NULL,NULL,NULL,NULL,NULL,NULL),(96,47,NULL,'EL SILENCIO','R',NULL,NULL,NULL,NULL,NULL,NULL,NULL,NULL,NULL,NULL,NULL),(97,47,NULL,'NUEVO AZUAY','R',NULL,NULL,NULL,NULL,NULL,NULL,NULL,NULL,NULL,NULL,NULL),(98,47,NULL,'LA VIRGENCITA','R',NULL,NULL,NULL,NULL,NULL,NULL,NULL,NULL,NULL,NULL,NULL),(99,47,NULL,'EL BELEN','R',NULL,NULL,NULL,NULL,NULL,NULL,NULL,NULL,NULL,NULL,NULL),(100,47,NULL,'LOS ÁNGELES','R',NULL,NULL,NULL,NULL,NULL,NULL,NULL,NULL,NULL,NULL,NULL),(101,48,NULL,'MALIMPIA /GUAYLLABAMBA','R',NULL,NULL,NULL,NULL,NULL,NULL,NULL,NULL,NULL,NULL,NULL),(102,48,NULL,'AGUA CLARA','R',NULL,NULL,NULL,NULL,NULL,NULL,NULL,NULL,NULL,NULL,NULL),(103,48,NULL,'EL RECREO','R',NULL,NULL,NULL,NULL,NULL,NULL,NULL,NULL,NULL,NULL,NULL),(104,48,NULL,'LA T','R',NULL,NULL,NULL,NULL,NULL,NULL,NULL,NULL,NULL,NULL,NULL),(105,48,NULL,'NARANJAL DE LOS CHACHIS','R',NULL,NULL,NULL,NULL,NULL,NULL,NULL,NULL,NULL,NULL,NULL),(106,48,NULL,'VALLE DEL SADE','R',NULL,NULL,NULL,NULL,NULL,NULL,NULL,NULL,NULL,NULL,NULL),(107,48,NULL,'RONCA TIGRILLO','R',NULL,NULL,NULL,NULL,NULL,NULL,NULL,NULL,NULL,NULL,NULL),(108,48,NULL,'5 DE AGOSTO','R',NULL,NULL,NULL,NULL,NULL,NULL,NULL,NULL,NULL,NULL,NULL),(109,48,NULL,'VALLE ESMERALDEÑO','R',NULL,NULL,NULL,NULL,NULL,NULL,NULL,NULL,NULL,NULL,NULL),(110,48,NULL,'ZAPALLO','R',NULL,NULL,NULL,NULL,NULL,NULL,NULL,NULL,NULL,NULL,NULL),(111,48,NULL,'CRISTOBAL COLON','R',NULL,NULL,NULL,NULL,NULL,NULL,NULL,NULL,NULL,NULL,NULL),(112,48,NULL,'GUAYACANA','R',NULL,NULL,NULL,NULL,NULL,NULL,NULL,NULL,NULL,NULL,NULL),(113,48,NULL,'LAS PAVAS','R',NULL,NULL,NULL,NULL,NULL,NULL,NULL,NULL,NULL,NULL,NULL),(114,48,NULL,'AGUA CLARA CHACHI','R',NULL,NULL,NULL,NULL,NULL,NULL,NULL,NULL,NULL,NULL,NULL),(115,48,NULL,'UNION MANABITA','R',NULL,NULL,NULL,NULL,NULL,NULL,NULL,NULL,NULL,NULL,NULL),(116,49,NULL,'VICHE','R',NULL,NULL,NULL,NULL,NULL,NULL,NULL,NULL,NULL,NULL,NULL),(117,50,NULL,'ROSA ZARATE','R',NULL,NULL,NULL,NULL,NULL,NULL,NULL,NULL,NULL,NULL,NULL),(118,50,NULL,'LA SEXTA','R',NULL,NULL,NULL,NULL,NULL,NULL,NULL,NULL,NULL,NULL,NULL),(119,50,NULL,'SAN RAMON','R',NULL,NULL,NULL,NULL,NULL,NULL,NULL,NULL,NULL,NULL,NULL),(120,50,NULL,'LA Y DE LA LAGUNA DE HERRERA','R',NULL,NULL,NULL,NULL,NULL,NULL,NULL,NULL,NULL,NULL,NULL),(121,50,NULL,'HERRERA','R',NULL,NULL,NULL,NULL,NULL,NULL,NULL,NULL,NULL,NULL,NULL),(122,50,NULL,'CUPA','R',NULL,NULL,NULL,NULL,NULL,NULL,NULL,NULL,NULL,NULL,NULL),(123,50,NULL,'NUEVO QUININDÉ','R',NULL,NULL,NULL,NULL,NULL,NULL,NULL,NULL,NULL,NULL,NULL),(124,50,NULL,'PUEBLO NUEVO','R',NULL,NULL,NULL,NULL,NULL,NULL,NULL,NULL,NULL,NULL,NULL),(125,51,NULL,'ALTO TAMBO /GUADAL','R',NULL,NULL,NULL,NULL,NULL,NULL,NULL,NULL,NULL,NULL,NULL),(126,51,NULL,'CRISTAL ALTO','R',NULL,NULL,NULL,NULL,NULL,NULL,NULL,NULL,NULL,NULL,NULL),(127,52,NULL,'ANCON/PALMA REAL','R',NULL,NULL,NULL,NULL,NULL,NULL,NULL,NULL,NULL,NULL,NULL),(128,52,NULL,'CAUCHAL','R',NULL,NULL,NULL,NULL,NULL,NULL,NULL,NULL,NULL,NULL,NULL),(129,53,NULL,'CALDERON','R',NULL,NULL,NULL,NULL,NULL,NULL,NULL,NULL,NULL,NULL,NULL),(130,54,NULL,'CARONDELET','R',NULL,NULL,NULL,NULL,NULL,NULL,NULL,NULL,NULL,NULL,NULL),(131,54,NULL,'LA BOCA','R',NULL,NULL,NULL,NULL,NULL,NULL,NULL,NULL,NULL,NULL,NULL),(132,55,NULL,'5 DE JUNIO/HUIMBI','R',NULL,NULL,NULL,NULL,NULL,NULL,NULL,NULL,NULL,NULL,NULL),(133,56,NULL,'CONCEPCION','R',NULL,NULL,NULL,NULL,NULL,NULL,NULL,NULL,NULL,NULL,NULL),(134,56,NULL,'GUAYABAL','R',NULL,NULL,NULL,NULL,NULL,NULL,NULL,NULL,NULL,NULL,NULL),(135,56,NULL,'19 DE MARZO','R',NULL,NULL,NULL,NULL,NULL,NULL,NULL,NULL,NULL,NULL,NULL),(136,56,NULL,'YALARE','R',NULL,NULL,NULL,NULL,NULL,NULL,NULL,NULL,NULL,NULL,NULL),(137,57,NULL,'MATAJE','R',NULL,NULL,NULL,NULL,NULL,NULL,NULL,NULL,NULL,NULL,NULL),(138,57,NULL,'MATAJE ALTO','R',NULL,NULL,NULL,NULL,NULL,NULL,NULL,NULL,NULL,NULL,NULL),(139,57,NULL,'LA CADENA','R',NULL,NULL,NULL,NULL,NULL,NULL,NULL,NULL,NULL,NULL,NULL),(140,58,NULL,'SAN JAVIER DE CACHABI','R',NULL,NULL,NULL,NULL,NULL,NULL,NULL,NULL,NULL,NULL,NULL),(141,58,NULL,'CHILLAVI DEL CEIBO','R',NULL,NULL,NULL,NULL,NULL,NULL,NULL,NULL,NULL,NULL,NULL),(142,59,NULL,'SANTA RITA','R',NULL,NULL,NULL,NULL,NULL,NULL,NULL,NULL,NULL,NULL,NULL),(143,59,NULL,'SAN FRANCISCO DE BOGOTA','R',NULL,NULL,NULL,NULL,NULL,NULL,NULL,NULL,NULL,NULL,NULL),(144,60,NULL,'TAMBILLO','R',NULL,NULL,NULL,NULL,NULL,NULL,NULL,NULL,NULL,NULL,NULL),(145,60,NULL,'EL PROGRESO','R',NULL,NULL,NULL,NULL,NULL,NULL,NULL,NULL,NULL,NULL,NULL),(146,61,NULL,'TULULBI /RICAURTE','R',NULL,NULL,NULL,NULL,NULL,NULL,NULL,NULL,NULL,NULL,NULL),(147,61,NULL,'LA CEIBA','R',NULL,NULL,NULL,NULL,NULL,NULL,NULL,NULL,NULL,NULL,NULL),(148,61,NULL,'CENTRO AWA PAMBILAR','R',NULL,NULL,NULL,NULL,NULL,NULL,NULL,NULL,NULL,NULL,NULL),(149,61,NULL,'CENTRO AWA GUADUALITO','R',NULL,NULL,NULL,NULL,NULL,NULL,NULL,NULL,NULL,NULL,NULL),(150,62,NULL,'URBINA','R',NULL,NULL,NULL,NULL,NULL,NULL,NULL,NULL,NULL,NULL,NULL),(151,63,NULL,'SAN LORENZO','R',NULL,NULL,NULL,NULL,NULL,NULL,NULL,NULL,NULL,NULL,NULL),(152,64,NULL,'TONSUPA','R',NULL,NULL,NULL,NULL,NULL,NULL,NULL,NULL,NULL,NULL,NULL),(153,64,NULL,'TASECHE','R',NULL,NULL,NULL,NULL,NULL,NULL,NULL,NULL,NULL,NULL,NULL),(154,65,NULL,'LA UNION','R',NULL,NULL,NULL,NULL,NULL,NULL,NULL,NULL,NULL,NULL,NULL),(155,66,NULL,'SUA/BOCANA','R',NULL,NULL,NULL,NULL,NULL,NULL,NULL,NULL,NULL,NULL,NULL),(156,67,NULL,'TONCHIGUE','R',NULL,NULL,NULL,NULL,NULL,NULL,NULL,NULL,NULL,NULL,NULL),(157,67,NULL,'QUITITO','R',NULL,NULL,NULL,NULL,NULL,NULL,NULL,NULL,NULL,NULL,NULL),(158,67,NULL,'SAME','R',NULL,NULL,NULL,NULL,NULL,NULL,NULL,NULL,NULL,NULL,NULL),(159,68,NULL,'ATACAMES','R',NULL,NULL,NULL,NULL,NULL,NULL,NULL,NULL,NULL,NULL,NULL),(160,68,NULL,'ESTERO DEL MEDIO','R',NULL,NULL,NULL,NULL,NULL,NULL,NULL,NULL,NULL,NULL,NULL),(161,68,NULL,'CHONE','R',NULL,NULL,NULL,NULL,NULL,NULL,NULL,NULL,NULL,NULL,NULL);
/*!40000 ALTER TABLE `zonas` ENABLE KEYS */;
UNLOCK TABLES;

--
-- Dumping routines for database 'elec2020'
--
/*!50003 DROP FUNCTION IF EXISTS `actulizar_recintos_de_juntas_femeninas` */;
/*!50003 SET @saved_cs_client      = @@character_set_client */ ;
/*!50003 SET @saved_cs_results     = @@character_set_results */ ;
/*!50003 SET @saved_col_connection = @@collation_connection */ ;
/*!50003 SET character_set_client  = utf8 */ ;
/*!50003 SET character_set_results = utf8 */ ;
/*!50003 SET collation_connection  = utf8_general_ci */ ;
/*!50003 SET @saved_sql_mode       = @@sql_mode */ ;
/*!50003 SET sql_mode              = '' */ ;
DELIMITER ;;
CREATE DEFINER=`root`@`localhost` FUNCTION `actulizar_recintos_de_juntas_femeninas`() RETURNS tinyint(1)
BEGIN
   
    DECLARE xidjunta,xfr_id_zona,x_num_junta integer;
    DECLARE xgenero CHAR(16);
    DECLARE done INT DEFAULT 0;

    DECLARE cur1 CURSOR FOR SELECT idjunta,fr_id_zona,num_junta,genero from junta
    where genero = 'F';

    DECLARE CONTINUE HANDLER FOR NOT FOUND SET done = 1;

    OPEN cur1;

    REPEAT
    FETCH cur1 INTO xidjunta,xfr_id_zona,x_num_junta,xgenero;
        IF NOT done THEN
            update junta set cod_recinto=(select cod_recinto from recintos
            where cod_zona=xfr_id_zona 
            and x_num_junta between jun_ini_f and jun_fin_f)
            where idjunta=xidjunta;
        END IF;
    UNTIL done END REPEAT;
    CLOSE cur1;
    RETURN true;
END ;;
DELIMITER ;
/*!50003 SET sql_mode              = @saved_sql_mode */ ;
/*!50003 SET character_set_client  = @saved_cs_client */ ;
/*!50003 SET character_set_results = @saved_cs_results */ ;
/*!50003 SET collation_connection  = @saved_col_connection */ ;
/*!50003 DROP FUNCTION IF EXISTS `actulizar_recintos_de_juntas_masculinas` */;
/*!50003 SET @saved_cs_client      = @@character_set_client */ ;
/*!50003 SET @saved_cs_results     = @@character_set_results */ ;
/*!50003 SET @saved_col_connection = @@collation_connection */ ;
/*!50003 SET character_set_client  = utf8 */ ;
/*!50003 SET character_set_results = utf8 */ ;
/*!50003 SET collation_connection  = utf8_general_ci */ ;
/*!50003 SET @saved_sql_mode       = @@sql_mode */ ;
/*!50003 SET sql_mode              = '' */ ;
DELIMITER ;;
CREATE DEFINER=`root`@`localhost` FUNCTION `actulizar_recintos_de_juntas_masculinas`() RETURNS tinyint(1)
BEGIN
   
    DECLARE xidjunta,xfr_id_zona,x_num_junta integer;
    DECLARE xgenero CHAR(16);
    DECLARE done INT DEFAULT 0;

    DECLARE cur1 CURSOR FOR SELECT idjunta,fr_id_zona,num_junta,genero from junta
    where genero = 'M';

    DECLARE CONTINUE HANDLER FOR NOT FOUND SET done = 1;

    OPEN cur1;

    REPEAT
    FETCH cur1 INTO xidjunta,xfr_id_zona,x_num_junta,xgenero;
        IF NOT done THEN
            update junta set cod_recinto=(select cod_recinto from recintos
            where cod_zona=xfr_id_zona 
            and x_num_junta between jun_ini_m and jun_fin_m)
            where idjunta=xidjunta;
        END IF;
    UNTIL done END REPEAT;
    CLOSE cur1;
    RETURN true;
END ;;
DELIMITER ;
/*!50003 SET sql_mode              = @saved_sql_mode */ ;
/*!50003 SET character_set_client  = @saved_cs_client */ ;
/*!50003 SET character_set_results = @saved_cs_results */ ;
/*!50003 SET collation_connection  = @saved_col_connection */ ;
/*!50003 DROP FUNCTION IF EXISTS `crear_juntas_x_recnitos` */;
/*!50003 SET @saved_cs_client      = @@character_set_client */ ;
/*!50003 SET @saved_cs_results     = @@character_set_results */ ;
/*!50003 SET @saved_col_connection = @@collation_connection */ ;
/*!50003 SET character_set_client  = utf8mb4 */ ;
/*!50003 SET character_set_results = utf8mb4 */ ;
/*!50003 SET collation_connection  = utf8mb4_general_ci */ ;
/*!50003 SET @saved_sql_mode       = @@sql_mode */ ;
/*!50003 SET sql_mode              = 'NO_AUTO_VALUE_ON_ZERO' */ ;
DELIMITER ;;
CREATE DEFINER=`root`@`localhost` FUNCTION `crear_juntas_x_recnitos`() RETURNS tinyint(1)
BEGIN
    DECLARE id integer; /*cod recinto*/
    DECLARE idzona integer; /*cod recinto*/
    DECLARE ini integer;
    DECLARE fin integer;
    DECLARE done INT DEFAULT 0;
    DECLARE cur1 CURSOR FOR SELECT cod_recinto,cod_zona FROM recintos;
    DECLARE CONTINUE HANDLER FOR NOT FOUND SET done = 1;
    OPEN cur1;
    REPEAT
    FETCH cur1 INTO id,idzona;
        IF NOT done THEN
            /*MUJERES*/
            SET ini=0;
            SET fin=0;
            select jun_ini_f from recintos where cod_recinto=id into ini;
            select jun_fin_f from recintos where cod_recinto=id into fin;
            WHILE ini <= fin DO
                insert into junta (fr_id_zona,num_junta,genero,cod_recinto) values (idzona,ini,'F',id);
                SET ini=ini +1;
            END WHILE;
            /*HOMBRES*/
            SET ini=0;
            SET fin=0;
            select jun_ini_m from recintos where cod_recinto=id into ini;
            select jun_fin_m from recintos where cod_recinto=id into fin;
            WHILE ini <= fin DO
                insert into junta (fr_id_zona,num_junta,genero,cod_recinto) values (idzona,ini,'M',id);
                SET ini=ini +1;
            END WHILE;
        END IF;
    UNTIL done END REPEAT;
    CLOSE cur1;
    RETURN true;
END ;;
DELIMITER ;
/*!50003 SET sql_mode              = @saved_sql_mode */ ;
/*!50003 SET character_set_client  = @saved_cs_client */ ;
/*!50003 SET character_set_results = @saved_cs_results */ ;
/*!50003 SET collation_connection  = @saved_col_connection */ ;
/*!50003 DROP FUNCTION IF EXISTS `crear_juntas_x_zonas` */;
/*!50003 SET @saved_cs_client      = @@character_set_client */ ;
/*!50003 SET @saved_cs_results     = @@character_set_results */ ;
/*!50003 SET @saved_col_connection = @@collation_connection */ ;
/*!50003 SET character_set_client  = utf8 */ ;
/*!50003 SET character_set_results = utf8 */ ;
/*!50003 SET collation_connection  = utf8_general_ci */ ;
/*!50003 SET @saved_sql_mode       = @@sql_mode */ ;
/*!50003 SET sql_mode              = '' */ ;
DELIMITER ;;
CREATE DEFINER=`root`@`localhost` FUNCTION `crear_juntas_x_zonas`() RETURNS tinyint(1)
BEGIN
    DECLARE id integer;
    DECLARE ini integer;
    DECLARE fin integer;
    DECLARE done INT DEFAULT 0;
    DECLARE cur1 CURSOR FOR SELECT idzonas FROM zonas;
    DECLARE CONTINUE HANDLER FOR NOT FOUND SET done = 1;
    OPEN cur1;
    REPEAT
    FETCH cur1 INTO id;
        IF NOT done THEN
            /*MUJERES*/
            SET ini=0;
            SET fin=0;
            select num_junta_mujeres_ini from zonas where idzonas=id into ini;
            select num_junta_mujeres_fin from zonas where idzonas=id into fin;
            WHILE ini <= fin DO
                insert into junta (fr_id_zona,num_junta,genero) values (id,ini,'F');
                SET ini=ini +1;
            END WHILE;
            /*HOMBRES*/
            SET ini=0;
            SET fin=0;
            select num_junta_hombre_ini from zonas where idzonas=id into ini;
            select num_junta_hombre_fin from zonas where idzonas=id into fin;
            WHILE ini <= fin DO
                insert into junta (fr_id_zona,num_junta,genero) values (id,ini,'M');
                SET ini=ini +1;
            END WHILE;
        END IF;
    UNTIL done END REPEAT;
    CLOSE cur1;
    RETURN true;
END ;;
DELIMITER ;
/*!50003 SET sql_mode              = @saved_sql_mode */ ;
/*!50003 SET character_set_client  = @saved_cs_client */ ;
/*!50003 SET character_set_results = @saved_cs_results */ ;
/*!50003 SET collation_connection  = @saved_col_connection */ ;
/*!50003 DROP FUNCTION IF EXISTS `crear_usuario` */;
/*!50003 SET @saved_cs_client      = @@character_set_client */ ;
/*!50003 SET @saved_cs_results     = @@character_set_results */ ;
/*!50003 SET @saved_col_connection = @@collation_connection */ ;
/*!50003 SET character_set_client  = utf8 */ ;
/*!50003 SET character_set_results = utf8 */ ;
/*!50003 SET collation_connection  = utf8_general_ci */ ;
/*!50003 SET @saved_sql_mode       = @@sql_mode */ ;
/*!50003 SET sql_mode              = '' */ ;
DELIMITER ;;
CREATE DEFINER=`root`@`localhost` FUNCTION `crear_usuario`(xnombres VARCHAR(50),
xusuario VARCHAR(50) , xcontrasena VARCHAR(50),xtipo INT) RETURNS tinyint(1)
BEGIN
    DECLARE existe boolean;
    SELECT count(*) > 0 from usuario where usuario=xusuario into existe;
	if not existe then
      INSERT INTO usuario(nombres,usuario,fr_id_provincia,fr_id_tipo_usuario,login,clave,usu_fi,usu_um)
	  VALUES(xnombres,xusuario,8,xtipo,MD5(xusuario),MD5(xcontrasena),now(),now());
      RETURN TRUE;
    end if;
    RETURN false;
END ;;
DELIMITER ;
/*!50003 SET sql_mode              = @saved_sql_mode */ ;
/*!50003 SET character_set_client  = @saved_cs_client */ ;
/*!50003 SET character_set_results = @saved_cs_results */ ;
/*!50003 SET collation_connection  = @saved_col_connection */ ;
/*!50003 DROP FUNCTION IF EXISTS `total_de_actas_digitadas_de_una_dignidad` */;
/*!50003 SET @saved_cs_client      = @@character_set_client */ ;
/*!50003 SET @saved_cs_results     = @@character_set_results */ ;
/*!50003 SET @saved_col_connection = @@collation_connection */ ;
/*!50003 SET character_set_client  = utf8mb4 */ ;
/*!50003 SET character_set_results = utf8mb4 */ ;
/*!50003 SET collation_connection  = utf8mb4_general_ci */ ;
/*!50003 SET @saved_sql_mode       = @@sql_mode */ ;
/*!50003 SET sql_mode              = 'NO_AUTO_VALUE_ON_ZERO' */ ;
DELIMITER ;;
CREATE DEFINER=`root`@`localhost` FUNCTION `total_de_actas_digitadas_de_una_dignidad`(id_dignidad integer) RETURNS int(11)
BEGIN

	declare total_actas_dignidad int default 0;
	select count(*) as total_actas_dignidad
                      from acta as a inner join acta_estado as ae on a.fr_id_acta_estado=ae.idacta_estado
                      inner join provincia as p on p.cne_cod_prov=a.cod_provincia
                      inner join cantones as c on c.cod_canton=a.cod_canton
                      inner join parroquias as pa on pa.cod_parroquia=a.cod_parroquia
                      inner join zonas as z on z.idzonas=a.cod_zona
                      inner join dignidad as d on d.iddignidad=a.fr_id_dignidad
                      inner join junta as j on j.idjunta=a.fr_id_junta
                      inner join usuario as us on us.idusuario=a.acta_usu_ing
                      where a.fr_id_dignidad=id_dignidad into total_actas_dignidad;
                      
	RETURN total_actas_dignidad;
END ;;
DELIMITER ;
/*!50003 SET sql_mode              = @saved_sql_mode */ ;
/*!50003 SET character_set_client  = @saved_cs_client */ ;
/*!50003 SET character_set_results = @saved_cs_results */ ;
/*!50003 SET collation_connection  = @saved_col_connection */ ;
/*!50003 DROP FUNCTION IF EXISTS `total_de_juntas` */;
/*!50003 SET @saved_cs_client      = @@character_set_client */ ;
/*!50003 SET @saved_cs_results     = @@character_set_results */ ;
/*!50003 SET @saved_col_connection = @@collation_connection */ ;
/*!50003 SET character_set_client  = utf8mb4 */ ;
/*!50003 SET character_set_results = utf8mb4 */ ;
/*!50003 SET collation_connection  = utf8mb4_general_ci */ ;
/*!50003 SET @saved_sql_mode       = @@sql_mode */ ;
/*!50003 SET sql_mode              = 'NO_AUTO_VALUE_ON_ZERO' */ ;
DELIMITER ;;
CREATE DEFINER=`root`@`localhost` FUNCTION `total_de_juntas`() RETURNS int(11)
BEGIN

	declare i integer default 0;
	select count(idjunta) from junta into i;
	
	RETURN i;
END ;;
DELIMITER ;
/*!50003 SET sql_mode              = @saved_sql_mode */ ;
/*!50003 SET character_set_client  = @saved_cs_client */ ;
/*!50003 SET character_set_results = @saved_cs_results */ ;
/*!50003 SET collation_connection  = @saved_col_connection */ ;
/*!40103 SET TIME_ZONE=@OLD_TIME_ZONE */;

/*!40101 SET SQL_MODE=@OLD_SQL_MODE */;
/*!40014 SET FOREIGN_KEY_CHECKS=@OLD_FOREIGN_KEY_CHECKS */;
/*!40014 SET UNIQUE_CHECKS=@OLD_UNIQUE_CHECKS */;
/*!40101 SET CHARACTER_SET_CLIENT=@OLD_CHARACTER_SET_CLIENT */;
/*!40101 SET CHARACTER_SET_RESULTS=@OLD_CHARACTER_SET_RESULTS */;
/*!40101 SET COLLATION_CONNECTION=@OLD_COLLATION_CONNECTION */;
/*!40111 SET SQL_NOTES=@OLD_SQL_NOTES */;

-- Dump completed on 2022-06-30 18:28:50
